Ref,FCF number,Scientific name,Common name,Short name,Other names,Latitude,Longitude,Notes,Year planted,Est. year planted,Est. age,Year died,Tag,Cemetery section,Form,Condition,Height,Described,Social media,Tree tag,Water point,Map link,Photo link,Short URL,Wikipedia
4803.2159,,Acer negundo,Boxelder maple,Maple,"Box elder, Manitoba maple, ash-leaved maple",51.4803383,-0.215956,"Box elder, aka boxelder maple, Manitoba maple or ash-leaved maple",,,,,Highlight,6A,,,,,,,,http://maps.google.com/maps?z=12&t=k&q=loc:51.4803383+-0.215956,https://mymaps.usercontent.google.com/hostedimage/m/*/3AL_Y2X5PwaZwcQT5gVmgyPRlaDp_GoVBtevzxIKv8d9L_TqgH5vD0-F16ow1J5sIYDdvylTZO3Eclyo6-_ljJLRPt8f0GHBYBDDcWSFXVTwk-JAEatYXgI-8yVW5EBSiEdxDfg1ETW_al_4veWtpuJZw-cYna8XiJtdCvGYFcp4Mv4ofX9P6DVeGAU2VKH9SMNmhN_IF33vp7jzw-0XhoqtInjxaY84W2CpKJPyumX62GpdsOGAOJnMZcVpux24?authuser=0&fife=s16383,,
4816.2168,,Acer platanoides,Norway maple,Maple,,51.48161,-0.21683,,2024,,,,New 2024,3,,,,Yes,,Done,3 - Furthest,http://maps.google.com/maps?z=12&t=k&q=loc:51.48161+-0.21683,https://photos.google.com/share/AF1QipMmMA8Yz6PSQdo2PU6gMmVbbn2FB0uZvrC_SehQLkNa9ULODhBstNqMOLrKeK0N4Q/photo/AF1QipMQ-3AlIpZ6Up0Xp2DihLkg-y9-fT9AmBmzpySU?key=UzB5ejd5RllRaXgxY1dRYlYyV1dKUnJVZHJLRTBn,schwedleri-1.fulhamcemeteryfriends.org.uk,https://en.wikipedia.org/wiki/Acer_platanoides
4812.2163,,Acer platanoides 'Globosum',Globe maple,Maple,,51.4812476,-0.2163676,,,,,,,2,,,,,,,,http://maps.google.com/maps?z=12&t=k&q=loc:51.4812476+-0.2163676,,,
4813.2162,,Acer platanoides 'Globosum',Globe maple,Maple,,51.481336,-0.2162522,,,,,,,"2, 2B",,,,,,,,http://maps.google.com/maps?z=12&t=k&q=loc:51.481336+-0.2162522,,,
4806.2162,schwedleri-1,Acer platanoides 'Schwedleri',Purple maple,Maple,,51.4806651,-0.216238,Probably planted in the 1980s. Schwedleri or Crimson King,,1985,,,Highlight,6,,,,,,,,http://maps.google.com/maps?z=12&t=k&q=loc:51.4806651+-0.216238,https://mymaps.usercontent.google.com/hostedimage/m/*/3AL_Y2X7ZntBtMidBIiFOjJV_sgdbBsBTkia2CMW988D7M9oy3q4sYLgcYuoHLnZ6FWCvDt1NJdt5tPgeaRuMqpx_s8ZDAjZiElbQSeNHoWO36WAT-qgYM0RKLDNwOp9-uKY0eZjtg8-TpQavBs2ATo5olQDFmRMKHhQUDcbgHubLciNz2RQdUFlbtwOxqWRZHd_5GdOILXIqNR4qRdpxH6SV9B_1N1mFMgFH9fhRJ6jc4w2iwNEle13V-rxON_Y?authuser=0&fife=s16383,,
4809.2141,,Acer platanoides 'Schwedleri',Purple maple,Maple,,51.4809821,-0.2141045,"Probably also Norway maple 'Schwedleri', probably planted at same time as other one.Very large, but pollarded.",,1985,,,,14,,,,,,,,http://maps.google.com/maps?z=12&t=k&q=loc:51.4809821+-0.2141045,https://mymaps.usercontent.google.com/hostedimage/m/*/3AL_Y2X69ajcZPL225-2S0jvoIAQe6oFEzRktnZhcvcqvqXIRfl_CxoPb8wszckdJl5GsxOA-fY-bDsJrgKGx0LPjhPIbr20GxJHTQqsC2fQZ8AdNq-6_a2RKplArEqsf6sReppnxWqvjyNR167IP_ql3EXDbWSkrgxa6YjZRs77wFHORQ2U644M_WngIjJ4_otYnoROyCDlKlyihpu-7uc9MBGkyR8EHYaGtALB24Mx9odAScBClq30bMfugXWQ?authuser=0&fife=s16383,,
4792.2157,maple-1,Acer pseudoplatanus,Sycamore,Sycamore,,51.47924,-0.21572,Visible in 1940 aerial photo,,,,,"Highlight, Veteran","12, 12A",,,,Yes,,Done,,http://maps.google.com/maps?z=12&t=k&q=loc:51.47924+-0.21572,,maple-1.fulhamcemeteryfriends.org.uk,
4791.2160,,Acer pseudoplatanus,Sycamore,Sycamore,,51.47914,-0.21602,Visible in 1940 aerial photo,,,,,"Highlight, Veteran",11,,,,Yes,,Done,,http://maps.google.com/maps?z=12&t=k&q=loc:51.47914+-0.21602,,maple-1.fulhamcemeteryfriends.org.uk,
4811.2138,,Acer pseudoplatanus,Sycamore,Sycamore,,51.4811628,-0.2138734,,,,,,,15,,,,,,,,http://maps.google.com/maps?z=12&t=k&q=loc:51.4811628+-0.2138734,,,
4811.2136,,Acer pseudoplatanus,Sycamore,Sycamore,,51.4811144,-0.2136593,,,,,,,14,,,,,,,,http://maps.google.com/maps?z=12&t=k&q=loc:51.4811144+-0.2136593,,,
4816.2164,,Acer pseudoplatanus,Sycamore,Sycamore,,51.4816867,-0.2164085,,,,,,,2,,,,,,,,http://maps.google.com/maps?z=12&t=k&q=loc:51.4816867+-0.2164085,,,
4808.2159,,Acer pseudoplatanus,Sycamore,Sycamore,,51.4808887,-0.2159812,,,,,,,"2, 2B",,,,,,,,http://maps.google.com/maps?z=12&t=k&q=loc:51.4808887+-0.2159812,,,
4808.2161,,Acer pseudoplatanus,Sycamore,Sycamore,,51.4808478,-0.2161422,,,,,,,"2, 2B",,,,,,,,http://maps.google.com/maps?z=12&t=k&q=loc:51.4808478+-0.2161422,,,
4794.2154,,Acer pseudoplatanus,Sycamore,Sycamore,,51.4794698,-0.2154564,"Self-sown, coppiced",,,,,Self-sown,"12, 12A",Coppice,,,,,,,http://maps.google.com/maps?z=12&t=k&q=loc:51.4794698+-0.2154564,,,
4794.2158,,Acer pseudoplatanus,Sycamore,Sycamore,,51.4794865,-0.2158252,"Self-sown, coppiced",,,,,Self-sown,12,Coppice,,,,,,,http://maps.google.com/maps?z=12&t=k&q=loc:51.4794865+-0.2158252,,,
4794.2159,,Acer pseudoplatanus,Sycamore,Sycamore,,51.4794464,-0.2159111,"Self-sown, coppiced",,,,,Self-sown,12,Coppice,,,,,,,http://maps.google.com/maps?z=12&t=k&q=loc:51.4794464+-0.2159111,,,
4803.2165,,Acer pseudoplatanus,Sycamore,Sycamore,,51.4803083,-0.2165528,,,,,,,7,,,,,,,,http://maps.google.com/maps?z=12&t=k&q=loc:51.4803083+-0.2165528,,,
4799.2153,,Acer pseudoplatanus,Sycamore,Sycamore,,51.4799319,-0.2153586,"Self-sown, coppiced",,,,,Self-sown,13,Coppice,,,,,,,http://maps.google.com/maps?z=12&t=k&q=loc:51.4799319+-0.2153586,,,
4787.2170,,Acer pseudoplatanus,Sycamore,Sycamore,,51.4787841,-0.2170285,"Self-sown, coppiced",,,,,Self-sown,9A,Coppice,,,,,,,http://maps.google.com/maps?z=12&t=k&q=loc:51.4787841+-0.2170285,,,
4788.2170,,Acer pseudoplatanus,Sycamore,Sycamore,,51.4788809,-0.2170556,"Self-sown, coppiced",,,,,Self-sown,9A,Coppice,,,,,,,http://maps.google.com/maps?z=12&t=k&q=loc:51.4788809+-0.2170556,,,
4789.2170,,Acer pseudoplatanus,Sycamore,Sycamore,,51.4789532,-0.2170448,"Self-sown, coppiced",,,,,Self-sown,9A,Coppice,,,,,,,http://maps.google.com/maps?z=12&t=k&q=loc:51.4789532+-0.2170448,,,
4811.2171,,Acer pseudoplatanus,Sycamore,Sycamore,,51.4811029,-0.217191,"Smooth slightly speckled bark, starting to become flaky",,,,,TBC,4,,,,,,,,http://maps.google.com/maps?z=12&t=k&q=loc:51.4811029+-0.217191,https://mymaps.usercontent.google.com/hostedimage/m/*/3AL_Y2X7nlJybYrAKrrOIMLWTd3q6Epy0vy63_jF7O96NEsJrDpbngQ8RGAUwRji4-ZJ-M9fuIwdHkFNHDg_JGeTTuJAga3PvvN0Goj_GieHp-retqP18vRHb_F-nufx6eQ_37jsrU0KbS683njQ7_FB5yXRoaFax2x8sPXAaTv8Cc3EEx5V5K356juwlHSRJfcH6vqIZKQpmXZa9Xz30n2qu0vxoajqVAwgnDutgPJaLX2WUmyWCSs5f4DlhXSc?authuser=0&fife=s16383,,
4804.2166,,Acer pseudoplatanus 'Atropurpurea',Purple sycamore,Sycamore,,51.4804716,-0.2166319,,,,,,TBC,7,,,,,,,,http://maps.google.com/maps?z=12&t=k&q=loc:51.4804716+-0.2166319,,,
4804.2169,,Acer pseudoplatanus 'Atropurpurea',Purple sycamore,Sycamore,,51.4804984,-0.2169913,,,,,,,8,,,,,,,,http://maps.google.com/maps?z=12&t=k&q=loc:51.4804984+-0.2169913,,,
4811.2168,freeman-01,Acer saccharinum,Silver maple,Maple,"Creek maple, silverleaf maple, soft maple, large maple, water maple, swamp maple, white maple",51.4811514,-0.2168379,"Enormous. Dates from the 1970s. Council thinks its a Freeman maple, but leaves show it's a silver maple",,,,,"Bat box, Bird box, Highlight",3,,,,Yes,,Done,,http://maps.google.com/maps?z=12&t=k&q=loc:51.4811514+-0.2168379,https://photos.app.goo.gl/Bq8qYGMVNEVivC7PA,,
4807.2166,,Acer saccharinum,Silver maple,Maple,,51.4807943,-0.2166883,,,,,,,3,,,,,,,,http://maps.google.com/maps?z=12&t=k&q=loc:51.4807943+-0.2166883,,,
4793.2163,chestnut-1,Aesculus hippocastanum,Horse chestnut,Chestnut,Conker,51.479321,-0.2163277,Visible in 1940 aerial photo,,1920,106,,"Highlight, One of a kind, Veteran",11,,,,Yes,,Done,,http://maps.google.com/maps?z=12&t=k&q=loc:51.479321+-0.2163277,https://mymaps.usercontent.google.com/hostedimage/m/*/3AL_Y2X4PWkZysnIcT-w3EWGZ2OqrY-8sk5sdPvtoXhPccxsmkliqdlCjIMxZIEiD0Y6oaW6HUEUdpJiNEWHaeYv24PKnAAYracspq0YkDbzi4x4881ShiG7hSIzfuuVKh0DX7HMt-zTfJkH1jxB4_-pJ5rJP5HknetEz2ekoYWEv1Hbv9fHA1iBa46GeubkzuZJUVkFXZKsUuJhc_hnHKaeLoRz9EGtYVC54_bbZjE8PChi5OlbvcTchCyXuDx4?authuser=0&fife=s16383,chestnut-1.fulhamcemeteryfriends.org.uk,
4814.2173,2024-21,Aesculus indica,Indian horse chestnut,Chestnut,,51.48147,-0.21731,Vandalised in May 2024. Top quarter snapped off.,2024,,,,New 2024,4,,,,,,,3 - Furthest,http://maps.google.com/maps?z=12&t=k&q=loc:51.48147+-0.21731,https://photos.google.com/share/AF1QipMmMA8Yz6PSQdo2PU6gMmVbbn2FB0uZvrC_SehQLkNa9ULODhBstNqMOLrKeK0N4Q/photo/AF1QipPplMzBValfOr_s2ab7N9QxOcGVKD-rJASEF3DE?key=UzB5ejd5RllRaXgxY1dRYlYyV1dKUnJVZHJLRTBn,2024-21.fulhamcemeteryfriends.org.uk,
4802.2158,ailanthus-01,Ailanthus altissima,Tree of heaven,Tree of heaven,"Ailanthus, Ghetto palm",51.480247,-0.215831,,,,,,,6B,,,,,,"Done, Needs content",,http://maps.google.com/maps?z=12&t=k&q=loc:51.480247+-0.215831,,ailanthus-01.fulhamcemeteryfriends.org.uk,
4805.2162,2024-36,Betula pendula,Silver birch,Birch,,51.4805,-0.21623,,2024,,,,"New 2024, Native",6,,,,,,,1 - Nearest,http://maps.google.com/maps?z=12&t=k&q=loc:51.4805+-0.21623,https://photos.google.com/share/AF1QipMmMA8Yz6PSQdo2PU6gMmVbbn2FB0uZvrC_SehQLkNa9ULODhBstNqMOLrKeK0N4Q/photo/AF1QipMtit9qeFoXOwLclaXXeSFOvQSJL6PnP6K3ZUaY?key=UzB5ejd5RllRaXgxY1dRYlYyV1dKUnJVZHJLRTBn,2024-36.fulhamcemeteryfriends.org.uk,
4805.2161,birch-01,Betula pendula,Silver birch,Birch,,51.4805,-0.21612,,,,,,Native,6,,,,,,"Done, Needs content",,http://maps.google.com/maps?z=12&t=k&q=loc:51.4805+-0.21612,,birch-01.fulhamcemeteryfriends.org.uk,
4810.2139,,Betula pendula,Silver birch,Birch,,51.4810274,-0.2139731,,,,,,Native,14,,,,,,,,http://maps.google.com/maps?z=12&t=k&q=loc:51.4810274+-0.2139731,,,
4798.2158,,Betula pendula,Silver birch,Birch,,51.4798093,-0.2158799,,,,,,Native,"6B, 6D",,,,,,,,http://maps.google.com/maps?z=12&t=k&q=loc:51.4798093+-0.2158799,,,
4805.2164,,Betula pendula,Silver birch,Birch,,51.480512,-0.2164714,,,,,,Native,7,,,,,,,,http://maps.google.com/maps?z=12&t=k&q=loc:51.480512+-0.2164714,,,
4798.2157,hornbeam-01,Carpinus betulus,Hornbeam,Hornbeam,,51.479846,-0.2157136,,,,,,Native,6B,,,,,,"Done, Needs content",,http://maps.google.com/maps?z=12&t=k&q=loc:51.479846+-0.2157136,,hornbeam-01.fulhamcemeteryfriends.org.uk,
4810.2141,,Carpinus betulus,Hornbeam,Hornbeam,,51.4810791,-0.2141823,,,,,,,15,,,,,,,,http://maps.google.com/maps?z=12&t=k&q=loc:51.4810791+-0.2141823,,,
4808.2151,,Carpinus betulus,Hornbeam,Hornbeam,,51.4808111,-0.2151426,,,,,,,15,,,,,,,,http://maps.google.com/maps?z=12&t=k&q=loc:51.4808111+-0.2151426,,,
4796.2156,,Carpinus betulus,Hornbeam,Hornbeam,,51.4796339,-0.2156013,,,,,,,12,,,,,,,,http://maps.google.com/maps?z=12&t=k&q=loc:51.4796339+-0.2156013,,,
4812.2135,,Carpinus betulus,Hornbeam,Hornbeam,,51.4812388,-0.2135891,,,,,,Native,15,,,,,,"Done, Needs content",,http://maps.google.com/maps?z=12&t=k&q=loc:51.4812388+-0.2135891,,,
4812.2137,,Carpinus betulus,Hornbeam,Hornbeam,,51.4812062,-0.2137124,,,,,,Native,15,,,,,,,,http://maps.google.com/maps?z=12&t=k&q=loc:51.4812062+-0.2137124,,,
4801.2172,,Cedrus (TBC),Cedar,Cedar,,51.480116,-0.2172897,,,,,,TBC,9,,,,,,,,http://maps.google.com/maps?z=12&t=k&q=loc:51.480116+-0.2172897,,,
4800.2173,,Cedrus (TBC),Cedar,Cedar,,51.4800132,-0.2173742,,,,,,TBC,9A,,,,,,,,http://maps.google.com/maps?z=12&t=k&q=loc:51.4800132+-0.2173742,,,
4793.2171,,Cedrus (TBC),Cedar,Cedar,,51.479336,-0.2171873,,,,,,TBC,9A,,,,,,,,http://maps.google.com/maps?z=12&t=k&q=loc:51.479336+-0.2171873,,,
4806.2169,glauca-1,Cedrus atlantica 'Glauca',Cedar,Cedar,,51.4806963,-0.216931,,,1985,,,,4,,,,Yes,,Done,,http://maps.google.com/maps?z=12&t=k&q=loc:51.4806963+-0.216931,,,
4805.2169,,Cedrus atlantica 'Glauca',Cedar,Cedar,,51.4805978,-0.2169049,,,,,,,8,,,,,,,,http://maps.google.com/maps?z=12&t=k&q=loc:51.4805978+-0.2169049,,,
4807.2167,,Cedrus atlantica 'Glauca',Cedar,Cedar,,51.4807017,-0.216727,,,,,,,3,,,,,,,,http://maps.google.com/maps?z=12&t=k&q=loc:51.4807017+-0.216727,,,
4807.2164,,Cedrus atlantica 'Glauca',Cedar,Cedar,,51.480725,-0.2164615,,,,,,,3,,,,,,,,http://maps.google.com/maps?z=12&t=k&q=loc:51.480725+-0.2164615,,,
4806.2167,,Cedrus atlantica 'Glauca',Cedar,Cedar,,51.4806031,-0.2167056,,,,,,,7,,,,,,,,http://maps.google.com/maps?z=12&t=k&q=loc:51.4806031+-0.2167056,,,
4806.2164,,Cedrus atlantica 'Glauca',Cedar,Cedar,,51.4806215,-0.2164481,,,,,,,7,,,,,,,,http://maps.google.com/maps?z=12&t=k&q=loc:51.4806215+-0.2164481,,,
4807.2159,,Cedrus atlantica 'Glauca',Blue Atlas cedar,Cedar,,51.48076,-0.21599,,2024,,41,,New 2024,"2, 2B",,,,,,,1 - Nearest,http://maps.google.com/maps?z=12&t=k&q=loc:51.48076+-0.21599,https://photos.google.com/share/AF1QipMmMA8Yz6PSQdo2PU6gMmVbbn2FB0uZvrC_SehQLkNa9ULODhBstNqMOLrKeK0N4Q/photo/AF1QipOqS83OiOMD6Zm9Id3dbvT9I5tw7HfFgaXoSthQ?key=UzB5ejd5RllRaXgxY1dRYlYyV1dKUnJVZHJLRTBn,glauca-1.fulhamcemeteryfriends.org.uk,https://en.wikipedia.org/wiki/Cedrus_atlantica
4806.2171,deodara-1,Cedrus deodara,Cedar,Cedar,,51.4806769,-0.2171459,,,1985,,,,4,,,,Yes,,Done,,http://maps.google.com/maps?z=12&t=k&q=loc:51.4806769+-0.2171459,,,
4806.2170,,Cedrus deodara,Cedar,Cedar,,51.480685,-0.2170403,,,,,,,4,,,,,,,,http://maps.google.com/maps?z=12&t=k&q=loc:51.480685+-0.2170403,,,
4805.2171,,Cedrus deodara,Cedar,Cedar,,51.4805786,-0.2171161,,,,,,,8,,,,,,,,http://maps.google.com/maps?z=12&t=k&q=loc:51.4805786+-0.2171161,,,
4805.2170,,Cedrus deodara,Cedar,Cedar,,51.4805886,-0.2170209,,,,,,,8,,,,,,,,http://maps.google.com/maps?z=12&t=k&q=loc:51.4805886+-0.2170209,,,
4807.2165,,Cedrus deodara,Cedar,Cedar,,51.48071,-0.2165929,,,,,,,3,,,,,,,,http://maps.google.com/maps?z=12&t=k&q=loc:51.48071+-0.2165929,,,
4806.2165,,Cedrus deodara,Cedar,Cedar,,51.4806157,-0.2165781,,,,,,,7,,,,,,,,http://maps.google.com/maps?z=12&t=k&q=loc:51.4806157+-0.2165781,,,
4801.2164,,Cedrus deodara,Cedar,Cedar,,51.480153,-0.2164283,,,,,,,7,,,,,,,,http://maps.google.com/maps?z=12&t=k&q=loc:51.480153+-0.2164283,,,
4806.2159,,Cedrus deodara,Himalayan cedar,Cedar,Tree of gods,51.48067,-0.21598,,2024,,41,,New 2024,6,,,,Yes,,Done,1 - Nearest,http://maps.google.com/maps?z=12&t=k&q=loc:51.48067+-0.21598,https://photos.google.com/share/AF1QipMmMA8Yz6PSQdo2PU6gMmVbbn2FB0uZvrC_SehQLkNa9ULODhBstNqMOLrKeK0N4Q/photo/AF1QipOeFf4OSddJcfkuOCDhRQy5hRj6zknjVvywr7RX?key=UzB5ejd5RllRaXgxY1dRYlYyV1dKUnJVZHJLRTBn,deodara-1.fulhamcemeteryfriends.org.uk,https://en.wikipedia.org/wiki/Cedrus_deodara
4811.2158,,Chamaecyparis lawsoniana,Lawson cypress,Cypress,,51.4811886,-0.2158821,,,,,,,1,,,,,,,,http://maps.google.com/maps?z=12&t=k&q=loc:51.4811886+-0.2158821,https://mymaps.usercontent.google.com/hostedimage/m/*/3AL_Y2X5pwRQzsqvtCXiAEpS07c-skSPBR62obWnSfaklFe03_neB7miYjXJJsOMlSaZNM9U-TIBhwZzMzMyIMXyFezklf2823CN6Eyltc3x6ESF-19xReAvKRIl2JqZpSG9rkJ5PhBooNBi39BJfrkevEDsv8L-O7Z_pjYrVy-plYSyGatBteuAkjdzi2iHUgCJyLkN7dU5n1msKJejaHSfYlQp8Nea6dOGtufHUVQINyKPHboznGLcQtcg5gwk?authuser=0&fife=s16383,,
4806.2174,,Chamaecyparis lawsoniana,Lawson cypress,Cypress,,51.480661,-0.2174574,,,,,,,4,,,,,,,,http://maps.google.com/maps?z=12&t=k&q=loc:51.480661+-0.2174574,https://mymaps.usercontent.google.com/hostedimage/m/*/3AL_Y2X48DFLzpaXp2jpHUzjPZM3UhzTOPnhxdXSVzRmcsiMWutOc3SfDneB0r3-V0X57HTVijXxlKTr9yfK7Keu5Y-HcH3vEDBWQGTsabwl6VaKF5DlarRJoTDRnvG8EJJ8LXFnGN5zyb2iPk6d9g0lNgaTUgv9B5Acu0ByIhHux4--GIpEgxcpw4Qp816gJXuxFLzM9m4u5oHKNHZybJQrrBXsmvYZQ-kXX_z0wBBCCI5OoQte2fGFcmkViuGc?authuser=0&fife=s16383,,
4808.2159,,Corylus avellana,Common hazel,Hazel,,51.4808467,-0.2159686,,,,,,,"2, 2B",,,,,,,,http://maps.google.com/maps?z=12&t=k&q=loc:51.4808467+-0.2159686,,,
4815.2168,,"Crataegus laevigata ""Paul's Scarlet""",Scarlet hawthorn,Hawthorn,,51.4815258,-0.216817,"Paul's Scarlet, growing from stump",,,,,Highlight,3,,,,,,,,http://maps.google.com/maps?z=12&t=k&q=loc:51.4815258+-0.216817,,,
4813.2174,hawthorn-01,Crataegus monogyna 'Pendula',Weeping hawthorn,Hawthorn,May-tree,51.4813942,-0.2174662,"Nearly dead. Last remaining of an avenue of 4 hawthorns, planted in the 1950s",,,,,"Highlight, Native, Veteran, Tree Register, Champion",4,,,,Yes,,"Done, Replace",,http://maps.google.com/maps?z=12&t=k&q=loc:51.4813942+-0.2174662,,hawthorn-01.fulhamcemeteryfriends.org.uk,
4808.2169,sequoia-1,Cryptomeria japonica,Japanese red cedar,Cedar,"Sugi, Japanese redwood",51.4808324,-0.2169194,"Previously identified as Sequoia sempervirens, or coast redwood",,1990,36,,Highlight,4,,,,Yes,,"Done, Replace",,http://maps.google.com/maps?z=12&t=k&q=loc:51.4808324+-0.2169194,https://mymaps.usercontent.google.com/hostedimage/m/*/3AL_Y2X6_yqwq4QsMpcv5rPHIdPZgEzdv1F7BbbZI0hmih5_-h6AcWK5hxpEFRVKJlVswQWF_vU4DSfG_DS898UwBVsxeocxhAgmS20wS8NFrxsyyzfNv_sT10h2ZcOmWU2EHTiyWHRSa1QE4v9TCHo7C6bg85ZJdGYdvKfm5Cfvr_WmdqhxgaH5yLVnAm1CwKdg5kN3c6agLVTl8wwsEreLgEC0GkvqjO28WmedKk9zQnzoCqGbYM63nYqT5HRw?authuser=0&fife=s16383,sequoia-1.fulhamcemeteryfriends.org.uk,https://en.wikipedia.org/wiki/Cryptomeria
4795.2152,,Cupressus sempervirens,Mediterranean cypress,Cypress,,51.4795955,-0.2152095,,,,,,,13,,,,,,,,http://maps.google.com/maps?z=12&t=k&q=loc:51.4795955+-0.2152095,,,
4802.2173,,Cupressus (TBC),Cypress,Cypress,,51.4802312,-0.21733,,,,,,TBC,9,,,,,,,,http://maps.google.com/maps?z=12&t=k&q=loc:51.4802312+-0.21733,,,
4801.2174,,Cupressus (TBC),Cypress,Cypress,,51.4801819,-0.2174788,,,,,,TBC,9,,,,,,,,http://maps.google.com/maps?z=12&t=k&q=loc:51.4801819+-0.2174788,,,
4799.2174,,Cupressus (TBC),Cypress,Cypress,,51.4799314,-0.2174212,,,,,,TBC,9A,,,,,,,,http://maps.google.com/maps?z=12&t=k&q=loc:51.4799314+-0.2174212,,,
4813.2167,,Cupressus (TBC),Cypress,Cypress,,51.481387,-0.2167001,,,,,,TBC,3,,,,,,,,http://maps.google.com/maps?z=12&t=k&q=loc:51.481387+-0.2167001,,,
4794.2171,,Cupressus (TBC),Cypress,Cypress,,51.4794463,-0.2171819,,,,,,TBC,9A,,,,,,,,http://maps.google.com/maps?z=12&t=k&q=loc:51.4794463+-0.2171819,,,
4794.2170,,Cupressus (TBC),Cypress,Cypress,,51.4794013,-0.2170666,,,,,,TBC,9A,,,,,,,,http://maps.google.com/maps?z=12&t=k&q=loc:51.4794013+-0.2170666,,,
4806.2173,,Cupressus (TBC),Cypress,Cypress,,51.4806727,-0.2173615,,,,,,TBC,4,,,,,,,,http://maps.google.com/maps?z=12&t=k&q=loc:51.4806727+-0.2173615,https://mymaps.usercontent.google.com/hostedimage/m/*/3AL_Y2X6GR9u8zsYPLDpHxvwhfctgldiR4GjsdXrN-47aAdVVFgdRwl406RKDNAqe36H7riiuhSJFlE7J5yqmszpc4SiN8ToC3iUOKPwU8uCjBYmdQ5MffxNMx2h7XXpe6_8DTQwpUBzNnC2HYDRq2NETeYxgTqTwF3jGPNxt-CMQBWqapXFpNJrpf5AlqMtcT4yLwofD7briBA3w6XBTOgnbSX3gvnHn8BB8C5_ku0snKhMotcYaPuyoZcBkKrA?authuser=0&fife=s16383,,
4797.2151,,Cupressus (TBC),Cypress,Cypress,,51.4797646,-0.2151158,,,,,,TBC,13,,,,,,,,http://maps.google.com/maps?z=12&t=k&q=loc:51.4797646+-0.2151158,,,
4808.2165,,Cupressus (TBC),Cypress,Cypress,,51.4808185,-0.216516,,,,,,TBC,3,,,,,,,,http://maps.google.com/maps?z=12&t=k&q=loc:51.4808185+-0.216516,,,
4802.2175,,Cupressus (TBC),Cypress,Cypress,,51.4802779,-0.2175259,,,,,,TBC,9,,,,,,,,http://maps.google.com/maps?z=12&t=k&q=loc:51.4802779+-0.2175259,,,
4803.2170,,Cupressus (TBC),Cypress,Cypress,,51.4803288,-0.2170229,,,,,,TBC,8,,,,,,,,http://maps.google.com/maps?z=12&t=k&q=loc:51.4803288+-0.2170229,,,
4807.2166,,Cupressus (TBC),Cypress,Cypress,,51.4807572,-0.2166078,,,,,,TBC,3,,,,,,,,http://maps.google.com/maps?z=12&t=k&q=loc:51.4807572+-0.2166078,,,
4799.2161,beech-1,Fagus sylvatica,Beech,Beech,,51.4799078,-0.2161025,,,,,,"Native, One of a kind",6D,,,,No,,Needs content,,http://maps.google.com/maps?z=12&t=k&q=loc:51.4799078+-0.2161025,,beech-1.fulhamcemeteryfriends.org.uk,
4801.2161,,Fraxinus excelsior,Ash,Ash,,51.4801425,-0.2161629,,,,,,,6D,,,,,,,,http://maps.google.com/maps?z=12&t=k&q=loc:51.4801425+-0.2161629,,,
4797.2171,,Fraxinus excelsior,Ash,Ash,,51.479789,-0.2171214,,,,,,,9A,,,,,,,,http://maps.google.com/maps?z=12&t=k&q=loc:51.479789+-0.2171214,,,
4805.2168,,Fraxinus excelsior,Ash,Ash,,51.4805035,-0.2168016,,,,,,,8,,,,,,,,http://maps.google.com/maps?z=12&t=k&q=loc:51.4805035+-0.2168016,,,
4805.2167,,Fraxinus excelsior,Ash,Ash,,51.4805118,-0.2167131,,,,,,,7,,,,,,,,http://maps.google.com/maps?z=12&t=k&q=loc:51.4805118+-0.2167131,,,
4804.2167,,Fraxinus excelsior,Ash,Ash,,51.4804216,-0.2167801,,,,,,,8,,,,,,,,http://maps.google.com/maps?z=12&t=k&q=loc:51.4804216+-0.2167801,,,
4804.2166,,Fraxinus excelsior,Ash,Ash,,51.4804317,-0.216693,,,,,,,7,,,,,,,,http://maps.google.com/maps?z=12&t=k&q=loc:51.4804317+-0.216693,,,
4803.2167,,Fraxinus excelsior,Ash,Ash,,51.4803397,-0.2167641,,,,,,,8,,,,,,,,http://maps.google.com/maps?z=12&t=k&q=loc:51.4803397+-0.2167641,,,
4803.2166,,Fraxinus excelsior,Ash,Ash,,51.4803498,-0.2166755,,,,,,,7,,,,,,,,http://maps.google.com/maps?z=12&t=k&q=loc:51.4803498+-0.2166755,,,
4802.2167,,Fraxinus excelsior,Ash,Ash,,51.4802613,-0.2167345,,,,,,,8B,,,,,,,,http://maps.google.com/maps?z=12&t=k&q=loc:51.4802613+-0.2167345,,,
4802.2166,,Fraxinus excelsior,Ash,Ash,,51.4802705,-0.2166447,,,,,,,7,,,,,,,,http://maps.google.com/maps?z=12&t=k&q=loc:51.4802705+-0.2166447,,,
4801.2167,,Fraxinus excelsior,Ash,Ash,,51.4801753,-0.2167211,,,,,,,8B,,,,,,,,http://maps.google.com/maps?z=12&t=k&q=loc:51.4801753+-0.2167211,,,
4801.2166,,Fraxinus excelsior,Ash,Ash,,51.4801828,-0.2166285,,,,,,,7,,,,,,,,http://maps.google.com/maps?z=12&t=k&q=loc:51.4801828+-0.2166285,,,
4806.2171,,Fraxinus excelsior,Ash,Ash,,51.4806581,-0.217164,"Self-sown ash, growing underneath cedar",,,,,Self-sown,4,,,,,,,,http://maps.google.com/maps?z=12&t=k&q=loc:51.4806581+-0.217164,,,
4809.2170,weepingash-01,Fraxinus excelsior 'Pendula',Weeping ash,Ash,,51.4809273,-0.2170496,,,,,,"Highlight, Native, One of a kind",4,,,,Yes,,Done,,http://maps.google.com/maps?z=12&t=k&q=loc:51.4809273+-0.2170496,https://mymaps.usercontent.google.com/hostedimage/m/*/3AL_Y2X6vlhR7OVA7Mq_qi4_Qv_CEhVFc0oeBP8BEUIPuov1rutMw2qlcn6ki6B46Td5c58uRoQL5EnQC4fSke9SVY9LlPE9JodMXsiLTT-Z7ZlO_XWe-MTPJNjvL21IM9OIeFF1dDrmy5rUbwKc52eOpVkfnoehn4W4ZmOxsOeJa6jgnvUbRPDVEcKeQD59o9QQ_7ffjNBzyjBaPOgjDQKmVBVjaJto2EWhspmd5qKLaIwrZpM7LzzRpK6acwxk?authuser=0&fife=s16383,weepingash-01.fulhamcemeteryfriends.org.uk,
4816.2161,ginkgo-1,Ginkgo biloba,Ginkgo biloba,Ginkgo,Maidenhair tree,51.481685,-0.2161074,Appears to be a male tree. (No fruit in July),,,,,Highlight,"2, 2C",,,,Yes,,Done,,http://maps.google.com/maps?z=12&t=k&q=loc:51.481685+-0.2161074,https://mymaps.usercontent.google.com/hostedimage/m/*/3AL_Y2X6jWePicG6PpnLtOul5Wwb_TnynwENHTmkgKrneKCi3W7TlFe2Ru8gBR6wNHeAN_xDaaw4TpW9z7AZ494ihpKmUT0O2PUf9nK5lBbWQpzag_Q0xRldUzyhKL-4daU7z92kIgPqC5KkqieYI_eo8lu58lv_anuyp-bS6WlVdMdsERYL6Y_zJ4P0Q57Ec8L2lM3SVMnZ1oUEDwWWPnlatRqYV8lbvy46tVIV1DUidFtgujc8Je7pUoZarFzU?authuser=0&fife=s16383,ginkgo-1.fulhamcemeteryfriends.org.uk,https://en.wikipedia.org/wiki/Ginkgo_biloba
4812.2132,,Hesperocyparis lusitanica,Mexican Cypress,Cypress,,51.4812389,-0.2132285,,,,,,,14,,,,,,,,http://maps.google.com/maps?z=12&t=k&q=loc:51.4812389+-0.2132285,https://mymaps.usercontent.google.com/hostedimage/m/*/3AL_Y2X4djLxIIfOWdeSvOyrrTxLnCK4yEnrt2FJ1YYbnPGUv3mpBO-AUKIluwsK9r5ETd6sWUBSQNCwgF-ghDa-F490pWoN8E23NhyLCl9k0FceHllZCoX-TnZ5fbtbB2trBGrYQK-MKEZ7uU356JqiFJezmGLh3PJo50DYKMHOMtG7MQevfkjADhxLGFzZRz229zW31IzUlz2BspMpqBfDGAZREH-5J-kvPOsBMaUUt1Z0y4RfnC8Uk2Hs9CmM?authuser=0&fife=s16383,,
4812.2133,,Hesperocyparis lusitanica,Mexican Cypress,Cypress,,51.4812137,-0.2133423,,,,,,,14,,,,,,,,http://maps.google.com/maps?z=12&t=k&q=loc:51.4812137+-0.2133423,https://mymaps.usercontent.google.com/hostedimage/m/*/3AL_Y2X5QjeOLFCNoPX-W3eVqGO1xtHjqL1h9ijuGeMXkzlRXS80Zw3Ej1smX1frWa4u77y0xqCBiAA38V4bBk-HkcIAOeE9Nf2PMGQZ1ALYbTStRJYcckNQQ4Ug0FVfw8tvNeivLWVYEAm9JvGCE4Jevnlpac6c8eHH8BTbnyGPiApStqH3-sZ1JGfgSMnB080XOJsLssaJr6zmUmcy3BX_KkTxhdpQ6wZt6BG8IB8TAx28ZqHpXYbme44UNhx4?authuser=0&fife=s16383,,
4797.2172,,Ilex aquifolium,Holly,Holly,,51.4797026,-0.217206,,,,,,,9A,,,,,,,,http://maps.google.com/maps?z=12&t=k&q=loc:51.4797026+-0.217206,,,
4797.2161,,Ilex aquifolium,Holly,Holly,,51.4797116,-0.21613,Small self-sown tree,,,,,Self-sown,7B,,,,,,,,http://maps.google.com/maps?z=12&t=k&q=loc:51.4797116+-0.21613,,,
4803.2163,,Ilex aquifolium,Holly,Holly,,51.480381,-0.2163131,,,,,,,7,,,,,,,,http://maps.google.com/maps?z=12&t=k&q=loc:51.480381+-0.2163131,,,
4804.2163,,Ilex aquifolium,Holly,Holly,,51.4804925,-0.2163326,"Small, self-sown",,,,,Self-sown,7,,,,,,,,http://maps.google.com/maps?z=12&t=k&q=loc:51.4804925+-0.2163326,,,
4790.2170,,Ilex aquifolium,Holly,Holly,,51.4790192,-0.2170461,Self-sown,,,,,Self-sown,9A,,,,,,,,http://maps.google.com/maps?z=12&t=k&q=loc:51.4790192+-0.2170461,,,
4812.2177,,Ilex aquifolium,Holly,Holly,,51.4812347,-0.2177069,Self-sown,,,,,Self-sown,5,,,,,,,,http://maps.google.com/maps?z=12&t=k&q=loc:51.4812347+-0.2177069,,,
4795.2166,,Ilex aquifolium,Holly,Holly,,51.4795782,-0.2166705,Self-sown,,,,,Self-sown,10,,,,,,,,http://maps.google.com/maps?z=12&t=k&q=loc:51.4795782+-0.2166705,,,
4795.2172,,Ilex x altaclarensis (TBC),Holly,Holly,,51.4795882,-0.2172354,,,,,,TBC,9A,,,,,,,,http://maps.google.com/maps?z=12&t=k&q=loc:51.4795882+-0.2172354,,,
4805.2159,,Juglans regia,Walnut,Walnut,,51.4805232,-0.2159928,"Not a champion, still very small, but the only one of its kind in the cemetery",,,,,Highlight,6,,,,,,,,http://maps.google.com/maps?z=12&t=k&q=loc:51.4805232+-0.2159928,,,
4809.2165,,Juniperus squamata,Juniper,Juniper,,51.4809764,-0.2165805,Large tree growing close to the ground. In danger of being smothered by grass and brambles.,,,,,,3,,,,,,,,http://maps.google.com/maps?z=12&t=k&q=loc:51.4809764+-0.2165805,,,
4810.2163,,Juniperus squamata,Juniper,Juniper,,51.48107,-0.2163149,Large tree growing close to the ground. In danger of being smothered by grass and brambles.,,,,,,2,,,,,,,,http://maps.google.com/maps?z=12&t=k&q=loc:51.48107+-0.2163149,,,
4811.2174,laburnum-1,Laburnum anagyroides,Laburnum,Laburnum,,51.4811854,-0.217493,,,,,,Highlight,"5, 5A",,,,,,,,http://maps.google.com/maps?z=12&t=k&q=loc:51.4811854+-0.217493,,laburnum-1.fulhamcemeteryfriends.org.uk,
4811.2164,,Liquidambar styraciflua,Liquidamber,Sweetgum,,51.4811957,-0.2164413,,,,,,,2,,,,,,,,http://maps.google.com/maps?z=12&t=k&q=loc:51.4811957+-0.2164413,,,
4811.2164,,Liquidambar styraciflua,Sweetgum,Sweetgum,,51.4811957,-0.2164413,The only one of this species in the cemetery. Also called sweetgum,,,,,Highlight,2,,,,,,,,http://maps.google.com/maps?z=12&t=k&q=loc:51.4811957+-0.2164413,,,
4800.2169,,Lycium barbarum,Goji berry,Goji,,51.480026,-0.2169937,Goji berry vine,,,,,,8B,,,,,,,,http://maps.google.com/maps?z=12&t=k&q=loc:51.480026+-0.2169937,,,
4807.2173,,Magnolia grandiflora,Magnolia,Magnolia,,51.4807061,-0.2173957,,,,,,,4,,,,,,,,http://maps.google.com/maps?z=12&t=k&q=loc:51.4807061+-0.2173957,,,
4807.2174,,Magnolia grandiflora,Magnolia,Magnolia,,51.4807006,-0.2174742,,,,,,,5,,,,,,,,http://maps.google.com/maps?z=12&t=k&q=loc:51.4807006+-0.2174742,,,
4807.2161,2024-11,Magnolia kobus,Magnolia kobus,Magnolia,Magnolia,51.48076,-0.21612,,2024,,,,New 2024,"2, 2B",,,,,,,1 - Nearest,http://maps.google.com/maps?z=12&t=k&q=loc:51.48076+-0.21612,https://photos.google.com/share/AF1QipMmMA8Yz6PSQdo2PU6gMmVbbn2FB0uZvrC_SehQLkNa9ULODhBstNqMOLrKeK0N4Q/photo/AF1QipPw5vurwjgDFidc20JmLm_2XqfToKaOVCfM_e0W?key=UzB5ejd5RllRaXgxY1dRYlYyV1dKUnJVZHJLRTBnhttps://photos.google.com/share/AF1QipMmMA8Yz6PSQdo2PU6gMmVbbn2FB0uZvrC_SehQLkNa9ULODhBstNqMOLrKeK0N4Q/photo/AF1QipORZAUZXAOS3vhcWgKOLjtfkC9VVlITqH1TCLjW?key=UzB5ejd5RllRaXgxY1dRYlYyV1dKUnJVZHJLRTBn,2024-11.fulhamcemeteryfriends.org.uk,
4798.2155,2024-32,Magnolia kobus,Magnolia kobus,Magnolia,Magnolia,51.47982,-0.21552,,2024,,,,New 2024,6C,,,,,,,2 - Medium,http://maps.google.com/maps?z=12&t=k&q=loc:51.47982+-0.21552,https://photos.google.com/share/AF1QipMmMA8Yz6PSQdo2PU6gMmVbbn2FB0uZvrC_SehQLkNa9ULODhBstNqMOLrKeK0N4Q/photo/AF1QipNAsCuYV8NRRtWQ_HPWQYdKydjTJFETbRVFR2f8?key=UzB5ejd5RllRaXgxY1dRYlYyV1dKUnJVZHJLRTBn,2024-32.fulhamcemeteryfriends.org.uk,
4813.2172,magnolia-1,Magnolia x soulangeana,Magnolia,Magnolia,Saucer magnolia,51.4813294,-0.217269,"Magnolia twinned with a dying elder tree, one of a trio but only live one, used to support a climbing rose which was cut down.",,1980,46,,"Highlight, One of a kind",4,,,,Yes,,Done,,http://maps.google.com/maps?z=12&t=k&q=loc:51.4813294+-0.217269,https://photos.google.com/share/AF1QipOSzoEvCUsDlqUn1c3Fh1H5zWfNqjPGSVLRh4KNn9Y-rbeTTtCqcZL3jPcCU5Wglw/photo/AF1QipO0SSW18t3f1oShl3d3yV57QLBKV7FpjyMstXaN?key=Y2Y3NzBtRUVNS3FxZVpGSFFpY2FUbmdPektNOWNB,magnolia-1.fulhamcemeteryfriends.org.uk,https://en.wikipedia.org/wiki/Magnolia_%C3%97_soulangeana
4809.2176,,Malus floribunda,Crabapple-1,Crabapple,Crabapple,51.4809878,-0.2176109,Half blew down in Jan 2024. Other half in April 2024.,,,,2024,Dead,5,,Dead,,No,,,,http://maps.google.com/maps?z=12&t=k&q=loc:51.4809878+-0.2176109,https://photos.google.com/share/AF1QipOSzoEvCUsDlqUn1c3Fh1H5zWfNqjPGSVLRh4KNn9Y-rbeTTtCqcZL3jPcCU5Wglw/photo/AF1QipNDDWX5kg8XMwpQhuzz8w_X5Pap4_4FMtrlxvgG?key=Y2Y3NzBtRUVNS3FxZVpGSFFpY2FUbmdPektNOWNB,.fulhamcemeteryfriends.org.uk,
4797.2160,halliana-1,Malus halliana,Hall crabapple,Crabapple,"Chui si hai tang, 垂糸海棠,  Kaidou, Suishikaitou",51.4797212,-0.2160569,,,1955,,,"Highlight, TBC",6D,,,,Yes,,Done,,http://maps.google.com/maps?z=12&t=k&q=loc:51.4797212+-0.2160569,,halliana-1.fulhamcemeteryfriends.org.uk,https://en.wikipedia.org/wiki/Malus_halliana
4798.2161,,Malus halliana,Hall crabapple,Crabapple,"Chui si hai tang, 垂糸海棠,  Kaidou, Suishikaitou",51.479862,-0.2161734,,,1955,,,"Highlight, TBC",7B,,,,,,,,http://maps.google.com/maps?z=12&t=k&q=loc:51.479862+-0.2161734,,,
4800.2162,,Malus halliana,Hall crabapple,Crabapple,"Chui si hai tang, 垂糸海棠,  Kaidou, Suishikaitou",51.4800107,-0.2162136,Overgrown with ivy.,,1955,,,"Highlight, TBC",7B,,,,,,,,http://maps.google.com/maps?z=12&t=k&q=loc:51.4800107+-0.2162136,,,
4802.2162,,Malus halliana,Hall crabapple,Crabapple,"Chui si hai tang, 垂糸海棠,  Kaidou, Suishikaitou",51.4802069,-0.2162512,,,1955,,,"Highlight, TBC",7,,,,,,,,http://maps.google.com/maps?z=12&t=k&q=loc:51.4802069+-0.2162512,,,
4810.2171,,Malus halliana,Hall crabapple,Crabapple,"Chui si hai tang, 垂糸海棠,  Kaidou, Suishikaitou",51.4810469,-0.217144,"Two old multi-stem crabapple halliana, side by side",,,,,"Highlight, TBC",4,,,,,,,,http://maps.google.com/maps?z=12&t=k&q=loc:51.4810469+-0.217144,https://mymaps.usercontent.google.com/hostedimage/m/*/3AL_Y2X6MiLLtVTr0jdo96owKCNHb-L5x3bW5P_ZtKe7h8gDmNt0Rr40MaQxk49SsSe-dNrexhp8Skk4pM0Jv38DtVGYmdzHU2iNc7fb3Ezdt_yoHHZ_TzL8EdFDYnzik4LpH-yuBogSKYLgzca6TytuQYml8rM3iazvF87xxk9LACg-LTCp5yMPFl5EIz77n-fuTuV0j1GjA2i1uZjlC6c7kdWSW8Jk_Szm7NyaIdhcTzx8Pyll-YDTV0AjWEcc?authuser=0&fife=s16383,,
4799.2160,2024-33,Malus sylvestris,European crabapple,Crabapple,European wild apple; crabtree,51.47994,-0.21607,,2024,,,,New 2024,6D,,,,Yes,,"Done, Needs content",1 - Nearest,http://maps.google.com/maps?z=12&t=k&q=loc:51.47994+-0.21607,https://photos.google.com/share/AF1QipMmMA8Yz6PSQdo2PU6gMmVbbn2FB0uZvrC_SehQLkNa9ULODhBstNqMOLrKeK0N4Q/photo/AF1QipPUIKeXJNuftJ0_amVcryXZvtTAJ_mX95hIExX2?key=UzB5ejd5RllRaXgxY1dRYlYyV1dKUnJVZHJLRTBn,sylvestris-01.fulhamcemeteryfriends.org.uk,https://en.wikipedia.org/wiki/Malus_sylvestris
4804.2161,2024-34,Malus sylvestris,European crabapple,Crabapple,European wild apple; crabtree,51.48041,-0.21615,,2024,,,,New 2024,6A,,,,No,,,2 - Medium,http://maps.google.com/maps?z=12&t=k&q=loc:51.48041+-0.21615,https://photos.google.com/share/AF1QipMmMA8Yz6PSQdo2PU6gMmVbbn2FB0uZvrC_SehQLkNa9ULODhBstNqMOLrKeK0N4Q/photo/AF1QipOi3JE3dkheoti-_ZpUnWL_5oroK9mCSnc-Y9nf?key=UzB5ejd5RllRaXgxY1dRYlYyV1dKUnJVZHJLRTBn,2024-34.fulhamcemeteryfriends.org.uk,
4796.2157,2026-02,Malus sylvestris,European crabapple,Crabapple,European wild apple; crabtree,51.47968,-0.21573,,2026,,,,New 2026,12,,,,No,,,1 - Nearest,http://maps.google.com/maps?z=12&t=k&q=loc:51.47968+-0.21573,,2026-02.fulhamcemeteryfriends.org.uk,
4796.2158,2026-03,Malus sylvestris,European crabapple,Crabapple,European wild apple; crabtree,51.47967,-0.21586,,2026,,,,New 2026,12,,,,No,,,1 - Nearest,http://maps.google.com/maps?z=12&t=k&q=loc:51.47967+-0.21586,,2026-03.fulhamcemeteryfriends.org.uk,
4797.2158,2026-04,Malus sylvestris,European crabapple,Crabapple,European wild apple; crabtree,51.47971,-0.21583,,2026,,,,New 2026,6B,,,,No,,,1 - Nearest,http://maps.google.com/maps?z=12&t=k&q=loc:51.47971+-0.21583,,2026-04.fulhamcemeteryfriends.org.uk,
4797.2159,2026-05,Malus sylvestris,European crabapple,Crabapple,European wild apple; crabtree,51.4797,-0.21593,,2026,,,,New 2026,6D,,,,No,,,1 - Nearest,http://maps.google.com/maps?z=12&t=k&q=loc:51.4797+-0.21593,,2026-05.fulhamcemeteryfriends.org.uk,
4796.2160,sylvestris-01,Malus sylvestris,European crabapple,Crabapple,European wild apple; crabtree,51.4796486,-0.2160287,,,1955,,,Highlight,12,,,,,,,,http://maps.google.com/maps?z=12&t=k&q=loc:51.4796486+-0.2160287,,,
4796.2162,,Malus sylvestris,European crabapple,Crabapple,European wild apple; crabtree,51.4796925,-0.2162856,Cut down Oct 2024,,,,,,7B,Stump,Dead,,,,,,http://maps.google.com/maps?z=12&t=k&q=loc:51.4796925+-0.2162856,,,
4796.2162,,Malus sylvestris,European crabapple,Crabapple,European wild apple; crabtree,51.4796307,-0.2162586,Cut down 2025,,,,,,11,Stump,Dead,,,,,,http://maps.google.com/maps?z=12&t=k&q=loc:51.4796307+-0.2162586,,,
4796.2157,,Malus sylvestris,European crabapple,Crabapple,European wild apple; crabtree,51.4796764,-0.2157737,Cut down around 2023,,,,,,12,Stump,Dead,,,,,,http://maps.google.com/maps?z=12&t=k&q=loc:51.4796764+-0.2157737,,,
4795.2167,,Malus sylvestris,European crabapple,Crabapple,European wild apple; crabtree,51.4795838,-0.216729,Cut down in 2010s,,,,,,10,Stump,Dead,,,,,,http://maps.google.com/maps?z=12&t=k&q=loc:51.4795838+-0.216729,,,
4797.2155,,Malus sylvestris,European crabapple,Crabapple,European wild apple; crabtree,51.479701,-0.2155056,Leaning dangerously,,1955,,,Highlight,12,Leaning,,,,,,,http://maps.google.com/maps?z=12&t=k&q=loc:51.479701+-0.2155056,,,
4812.2173,2024-22,Malus trilobata,Lebanese crab apple,Crabapple,Eriolobus trilobatus,51.48128,-0.21738,,2024,,,,New 2024,4,,,,No,,,2 - Medium,http://maps.google.com/maps?z=12&t=k&q=loc:51.48128+-0.21738,https://photos.google.com/share/AF1QipMmMA8Yz6PSQdo2PU6gMmVbbn2FB0uZvrC_SehQLkNa9ULODhBstNqMOLrKeK0N4Q/photo/AF1QipPS9TSVfvhDNu46zwqAnetyXg8F6gV48whCP7bf?key=UzB5ejd5RllRaXgxY1dRYlYyV1dKUnJVZHJLRTBn,2024-22.fulhamcemeteryfriends.org.uk,
4812.2172,2024-23,Malus trilobata,Lebanese crab apple,Crabapple,Eriolobus trilobatus,51.48125,-0.21722,,2024,,,,New 2024,4,,,,No,,,2 - Medium,http://maps.google.com/maps?z=12&t=k&q=loc:51.48125+-0.21722,https://photos.google.com/share/AF1QipMmMA8Yz6PSQdo2PU6gMmVbbn2FB0uZvrC_SehQLkNa9ULODhBstNqMOLrKeK0N4Q/photo/AF1QipNieeT6uolXOu56FYSetjZE3eZVqYVN770lxME_?key=UzB5ejd5RllRaXgxY1dRYlYyV1dKUnJVZHJLRTBn,2024-23.fulhamcemeteryfriends.org.uk,
4798.2153,scarlet-1,Malus x purpurea,Scarlet crabapple,Crabapple,,51.4798246,-0.2153563,Previously identified as Malus toringo / sieboldii,,1955,71,,"Highlight, Tree register",13,,,,Yes,,"Done, Replace",,http://maps.google.com/maps?z=12&t=k&q=loc:51.4798246+-0.2153563,https://mymaps.usercontent.google.com/hostedimage/m/*/3AL_Y2X6l4T6BoOPUiqB0I1QpR8RnjsVfsldhFb93roGbcGg3Ud0K9X4Ot0SGnPLAABkXmhm7ssM0Go1mEHumxAljfYi0Jdw7xxFC3qGLjBJxQ861pyVfjlaSX9S4udSedSJ0uxnkBNRH_qbADu1HURByE9odU2AmHQWs9Jf35sIIwGKnA1-KlUAP8lpiPPcW5oeUfH0B9EwTrxZhvcOeb-Qr_fFuE-7xVdK5xoPnnIepg_VYi_8FgFWCJQF3nv4?authuser=0&fife=s16383,scarlet-1.fulhamcemeteryfriends.org.uk,https://en.wikipedia.org/wiki/Malus_sieboldii
4802.2154,,Malus x purpurea,Scarlet crabapple,Crabapple,,51.4802175,-0.2154653,"Mostly a stump, but still alive and flowering",,,,,,13,Stump,Poor,,,,,,http://maps.google.com/maps?z=12&t=k&q=loc:51.4802175+-0.2154653,,,
4800.2154,2026-1,Mespilus germanica,Medlar,Medlar,Crataegus germanica Kuntze,51.48009,-0.21543,,2026,,71,,New 2026,13,,,,Yes,,Done,1 - Nearest,http://maps.google.com/maps?z=12&t=k&q=loc:51.48009+-0.21543,,medlar-1.fulhamcemeteryfriends.org.uk,https://en.wikipedia.org/wiki/Mespilus_germanica
4802.2155,medlar-1,Mespilus germanica,Medlar,Medlar,Crataegus germanica Kuntze,51.4802823,-0.2155472,,,1955,,,"Highlight, One of a kind, Tree register",6C,,,,,,,,http://maps.google.com/maps?z=12&t=k&q=loc:51.4802823+-0.2155472,https://mymaps.usercontent.google.com/hostedimage/m/*/3AL_Y2X62YbpAjqQBzGrVvp_Hx2mZGSgM43NPVBdoFTOqx5zq_4QHI2Fqk-wYpdxRCZUKsAvxPEaU-gQfpq0xUG4KXu1RWQr-4s1Cp6Ggn1YYiFvfXcosP6hHgHpkaEGJdg1RPQFcQ7laj0xbIk95UiHKPGEJcvObdKp9Gu4Ga8sUXE4BUR6YhD1YBkIjwS1pB-9Zi6TQpx_rwK49gJWWzB5ZyYGTukmfNx2ouDowQxSasb43XoauUmhwvTZ-264?authuser=0&fife=s16383,,
4796.2151,,Picea abies,Norway spruce,Spruce,,51.4796561,-0.2151976,,,,,,,13,,,,,,,,http://maps.google.com/maps?z=12&t=k&q=loc:51.4796561+-0.2151976,,,
4800.2174,,Pinus (TBC),Pine,Pine,,51.4800617,-0.2174466,,,,,,TBC,9A,,,,,,,,http://maps.google.com/maps?z=12&t=k&q=loc:51.4800617+-0.2174466,,,
4796.2151,,Pinus (TBC),Pine,Pine,,51.479621,-0.2151225,,,,,,TBC,13,,,,,,,,http://maps.google.com/maps?z=12&t=k&q=loc:51.479621+-0.2151225,,,
4796.2151,,Pinus (TBC),"Pine, or Cupressus sempervirens",Pine,,51.4796853,-0.2151051,Unsure,,,,,TBC,13,,,,,,,,http://maps.google.com/maps?z=12&t=k&q=loc:51.4796853+-0.2151051,,,
4802.2174,,Pinus muricata (TBC),Bishop pine,Pine,,51.4802454,-0.2174332,,,,,,TBC,9,,,,,,,,http://maps.google.com/maps?z=12&t=k&q=loc:51.4802454+-0.2174332,https://mymaps.usercontent.google.com/hostedimage/m/*/3AL_Y2X4ioNVjYcOhCoP9g-g2v1oAPtIGmAUc1TEBNCxEL2W69jt4i0luGbWhSKrjL2X7KRO8gfPkWfdlFsYEWkQjJ3hdOzlipbiaSrY8T1Ts8Lt9_iS6Ol-Bgw6Fr_AfDQCtbqNOUo_xKK0iHtEySb1U61HjQAK9o0KcUhuqvNaD15a1XNhPV7O73oOVxgw2J1BwDZ6-0sxDfKBDuSXA5KK0xM5C8WCkLIVj8GEe8ZLbqyJCGQukM4mAViKwmls?authuser=0&fife=s16383,,
4804.2159,pinus-1,Pinus pinaster,Mediterranean pine,Pine,Maritime pine,51.4804903,-0.2159892,Hard to find the base of this tree!. Horizontal but alive. Several smaller trees growing around it,,,,,Highlight,"6, 6A",Leaning,,,Yes,,Done,,http://maps.google.com/maps?z=12&t=k&q=loc:51.4804903+-0.2159892,,pinus-1.fulhamcemeteryfriends.org.uk,https://en.wikipedia.org/wiki/Pinus_pinaster
4805.2157,,Pinus pinaster,Mediterranean pine,Pine,Maritime pine,51.4805028,-0.2157397,Grows at a 45 degree angle. Another specimen next to it grows horizontally.,,,,,Highlight,6A,Leaning,,,,,,,http://maps.google.com/maps?z=12&t=k&q=loc:51.4805028+-0.2157397,https://mymaps.usercontent.google.com/hostedimage/m/*/3AL_Y2X7OIoUGwbI71cCL1Wg_mkU0w08NUfcO5CoG0m9JzUPjh5ptXvx8vDUmUX-hSikeLz1J4tTdtTYHAbt6pWKK9BhSW1nv0W3AFc9AJoL7_22i9Lz6mYCJ7QwKIqbztkefvwFahvk9pgssxA_AJvb_8nDcEGeooWOYu6s0OMBN2IWb_Zg4BrvIJgkkrbzxLXd6XZshQCfSougde1e-H3rh64rTUPuTZRJi60YVEInAUVXaWrFx88ylCh2Uuc0?authuser=0&fife=s16383,,
4811.2172,2024-24,Pinus sylvestris,Scots pine,Pine,,51.48117,-0.21721,,2024,,,,New 2024,4,,,,No,,,2 - Medium,http://maps.google.com/maps?z=12&t=k&q=loc:51.48117+-0.21721,https://photos.google.com/share/AF1QipMmMA8Yz6PSQdo2PU6gMmVbbn2FB0uZvrC_SehQLkNa9ULODhBstNqMOLrKeK0N4Q/photo/AF1QipPTVvdBpZ8mUO27Dm64jt3XuB8tle_akRo8fCp8?key=UzB5ejd5RllRaXgxY1dRYlYyV1dKUnJVZHJLRTBn,2024-24.fulhamcemeteryfriends.org.uk,
4801.2174,,Pinus wallichiana,Bhutan pine,Pine,,51.4801277,-0.2174171,,,,,,,9,,,,,,,,http://maps.google.com/maps?z=12&t=k&q=loc:51.4801277+-0.2174171,,,
4798.2170,,Pinus wallichiana,Bhutan pine,Pine,,51.4798895,-0.2170259,"Self-sown, growing out of grave",,,,,Self-sown,8B,,,,,,,,http://maps.google.com/maps?z=12&t=k&q=loc:51.4798895+-0.2170259,,,
4809.2146,plane-01,Platanus x hispanica,London plane,Plane,,51.4809523,-0.2146745,,,1920,106,,"Highlight, Veteran",15,,,,No,,"Done, Needs content",,http://maps.google.com/maps?z=12&t=k&q=loc:51.4809523+-0.2146745,,plane-01.fulhamcemeteryfriends.org.uk,
4797.2150,,Platanus x hispanica,London plane,Plane,,51.4797536,-0.2150162,,,,,,,13,,,,,,,,http://maps.google.com/maps?z=12&t=k&q=loc:51.4797536+-0.2150162,,,
4798.2150,,Platanus x hispanica,London plane,Plane,,51.4798162,-0.2150457,,,,,,,13,,,,,,,,http://maps.google.com/maps?z=12&t=k&q=loc:51.4798162+-0.2150457,,,
4798.2150,,Platanus x hispanica,London plane,Plane,,51.4798864,-0.2150792,,,,,,,13,,,,,,,,http://maps.google.com/maps?z=12&t=k&q=loc:51.4798864+-0.2150792,,,
4799.2151,,Platanus x hispanica,London plane,Plane,,51.479949,-0.2151114,,,,,,,13,,,,,,,,http://maps.google.com/maps?z=12&t=k&q=loc:51.479949+-0.2151114,,,
4800.2151,,Platanus x hispanica,London plane,Plane,,51.4800743,-0.2151825,,,,,,,13,,,,,,,,http://maps.google.com/maps?z=12&t=k&q=loc:51.4800743+-0.2151825,,,
4801.2152,,Platanus x hispanica,London plane,Plane,,51.4801286,-0.2152053,,,,,,,13,,,,,,,,http://maps.google.com/maps?z=12&t=k&q=loc:51.4801286+-0.2152053,https://mymaps.usercontent.google.com/hostedimage/m/*/3AL_Y2X4RrkPAARRFcsQioGBjcodfPH9tRC24paON-TPPE4ZmCCIeMrAKiPxJ3v4Apryma6tgUFgeizx90xOjjAi_ghHwsHEhRdGxlJd2vH1KCSl5w6DJooz1KwM8Vxfx-lj7DjOtTpfNkIfExPDGQCUZm-D2qwd7BepD1n2BPIm1oIlwlOmseBS3bKUAYSyqY0IOEva3_fFWpgTxM1jWFWhBzfTVYmbYENVQxXhpF3rRS6YuBmNHTQsn0DgFDok?authuser=0&fife=s16383,,
4794.2150,,Platanus x hispanica,London plane,Plane,,51.4794091,-0.2150904,,,,,,,13,,,,,,,,http://maps.google.com/maps?z=12&t=k&q=loc:51.4794091+-0.2150904,,,
4793.2152,,Platanus x hispanica,London plane,Plane,,51.4793582,-0.2152191,,,,,,,13,,,,,,,,http://maps.google.com/maps?z=12&t=k&q=loc:51.4793582+-0.2152191,,,
4807.2152,,Platanus x hispanica,London Plane,Plane,,51.4807752,-0.2152968,,,1920,,,"Highlight, Veteran",15,,,,,,,,http://maps.google.com/maps?z=12&t=k&q=loc:51.4807752+-0.2152968,https://mymaps.usercontent.google.com/hostedimage/m/*/3AL_Y2X7z7DcjH_J5YleSU12YNvpLtoxyrNweJnfyxt_iEKG1uRixlDbJWLHvc6JnWsuFYdxRK03WJ3bx0740sdQeVq-DDzwf2EF5jomBh9RsZfxhIJiJdxn2cXWZyLpdLCUIA3OWn_yaO2O1ZphuCfhlxvAkxOXt4YS3pDmYNVOeoh9Uyy_f2DGuMV-Y6ueVQYwdZSM-EHJOtGnZn9f3LtFPABmSCtxF9YFQ9OfPtJOMYOQObuAnZLn2Jh14FwM?authuser=0&fife=s16383,,
4803.2157,poplar-01,Populus nigra 'Plantierensis',Plantier's poplar,Poplar,,51.48033,-0.2157723,"Like Lombardy poplar, with a messy shape",,,,,TBC,6A,,,,No,,"Done, Needs content",,http://maps.google.com/maps?z=12&t=k&q=loc:51.48033+-0.2157723,,poplar-01.fulhamcemeteryfriends.org.uk,
4802.2160,,Populus nigra 'Plantierensis',Plantier's poplar,Poplar,,51.4802473,-0.2160043,"Like Lombardy poplar, with a messy shape",,,,,TBC,6D,,,,,,,,http://maps.google.com/maps?z=12&t=k&q=loc:51.4802473+-0.2160043,,,
4800.2159,,Populus x canadensis 'Serotina Aurea',Hybrid black poplar,Poplar,,51.4800187,-0.2159523,,,,,,TBC,6D,,,,,,,,http://maps.google.com/maps?z=12&t=k&q=loc:51.4800187+-0.2159523,,,
4799.2156,,Populus x canadensis 'Serotina Aurea',Hybrid black poplar,Poplar,,51.4799978,-0.2156854,,,,,,TBC,6C,,,,,,,,http://maps.google.com/maps?z=12&t=k&q=loc:51.4799978+-0.2156854,,,
4799.2157,,Populus x canadensis 'Serotina Aurea',Hybrid black poplar,Poplar,,51.4799251,-0.2157941,,,,,,TBC,6B,,,,,,,,http://maps.google.com/maps?z=12&t=k&q=loc:51.4799251+-0.2157941,,,
4801.2157,,Populus x canadensis 'Serotina Aurea',Hybrid black poplar,Poplar,,51.4801143,-0.215786,,,,,,TBC,6B,,,,,,,,http://maps.google.com/maps?z=12&t=k&q=loc:51.4801143+-0.215786,,,
4810.2143,2025-02,Prunus 'Beni-yutaka',‘Beni-yutaka’ Japanese cherry,Cherry,Pink Japanese cherry,51.48102,-0.21431,,2025,,,,"New 2025, Sakura Project",15,,,,No,,,3 - Furthest,http://maps.google.com/maps?z=12&t=k&q=loc:51.48102+-0.21431,,2025-02.fulhamcemeteryfriends.org.uk,
4809.2144,2025-03,Prunus 'Beni-yutaka',‘Beni-yutaka’ Japanese cherry,Cherry,Pink Japanese cherry,51.48099,-0.21444,,2025,,,,"New 2025, Sakura Project",15,,,,No,,,3 - Furthest,http://maps.google.com/maps?z=12&t=k&q=loc:51.48099+-0.21444,,2025-03.fulhamcemeteryfriends.org.uk,
4812.2134,2024-01,Prunus 'Kanzan',‘Kanzan’ Japanese cherry,Cherry,"Pink Japanese cherry, Sekiyama",51.48126,-0.21345,,2024,,71,,New 2024,15,,,,Yes,,Done,3 - Furthest,http://maps.google.com/maps?z=12&t=k&q=loc:51.48126+-0.21345,https://photos.google.com/share/AF1QipMmMA8Yz6PSQdo2PU6gMmVbbn2FB0uZvrC_SehQLkNa9ULODhBstNqMOLrKeK0N4Q/photo/AF1QipPtn6AxNU6WEqGCMAImbxK028F4Wzzl3xySWLRH?key=UzB5ejd5RllRaXgxY1dRYlYyV1dKUnJVZHJLRTBn,kanzan-1.fulhamcemeteryfriends.org.uk,https://en.wikipedia.org/wiki/Prunus_%27Kanzan%27
4811.2134,2024-02,Prunus 'Kanzan',‘Kanzan’ Japanese cherry,Cherry,Pink Japanese cherry,51.48116,-0.21345,,2024,,,,New 2024,14,,,,No,,,3 - Furthest,http://maps.google.com/maps?z=12&t=k&q=loc:51.48116+-0.21345,https://photos.google.com/share/AF1QipMmMA8Yz6PSQdo2PU6gMmVbbn2FB0uZvrC_SehQLkNa9ULODhBstNqMOLrKeK0N4Q/photo/AF1QipOhKZhLx9b4OAUyE1hgs8UFviyci8Qcd8FtufAp?key=UzB5ejd5RllRaXgxY1dRYlYyV1dKUnJVZHJLRTBn,2024-02.fulhamcemeteryfriends.org.uk,
4808.2148,2024-04,Prunus 'Kanzan',‘Kanzan’ Japanese cherry,Cherry,Pink Japanese cherry,51.48087,-0.21486,,2024,,,,New 2024,15,,,,No,,,2 - Medium,http://maps.google.com/maps?z=12&t=k&q=loc:51.48087+-0.21486,https://photos.google.com/share/AF1QipMmMA8Yz6PSQdo2PU6gMmVbbn2FB0uZvrC_SehQLkNa9ULODhBstNqMOLrKeK0N4Q/photo/AF1QipMpbGhVdTTDwci9PZ-xAf5ZGa2CinLbn4IMWdG5?key=UzB5ejd5RllRaXgxY1dRYlYyV1dKUnJVZHJLRTBn,2024-04.fulhamcemeteryfriends.org.uk,
4812.2159,2024-17,Prunus 'Kanzan',‘Kanzan’ Japanese cherry,Cherry,Pink Japanese cherry,51.48125,-0.21593,,2024,,,,New 2024,1,,,,No,,,2 - Medium,http://maps.google.com/maps?z=12&t=k&q=loc:51.48125+-0.21593,https://photos.google.com/share/AF1QipMmMA8Yz6PSQdo2PU6gMmVbbn2FB0uZvrC_SehQLkNa9ULODhBstNqMOLrKeK0N4Q/photo/AF1QipNW3tmu5w05W59Gb2RHoUAk5Q2PysfceB2988n_?key=UzB5ejd5RllRaXgxY1dRYlYyV1dKUnJVZHJLRTBn,2024-17.fulhamcemeteryfriends.org.uk,
4813.2159,2024-18,Prunus 'Kanzan',‘Kanzan’ Japanese cherry,Cherry,Pink Japanese cherry,51.4813,-0.21595,,2024,,,,New 2024,1,,,,No,,,2 - Medium,http://maps.google.com/maps?z=12&t=k&q=loc:51.4813+-0.21595,https://photos.google.com/share/AF1QipMmMA8Yz6PSQdo2PU6gMmVbbn2FB0uZvrC_SehQLkNa9ULODhBstNqMOLrKeK0N4Q/photo/AF1QipPvjCS_bEwu030qb6Nnok8BQ0r-1CtWpyKEwSWW?key=UzB5ejd5RllRaXgxY1dRYlYyV1dKUnJVZHJLRTBn,2024-18.fulhamcemeteryfriends.org.uk,
4813.2159,2024-19,Prunus 'Kanzan',‘Kanzan’ Japanese cherry,Cherry,Pink Japanese cherry,51.48134,-0.21593,,2024,,,,New 2024,1,,,,No,,,2 - Medium,http://maps.google.com/maps?z=12&t=k&q=loc:51.48134+-0.21593,https://photos.google.com/share/AF1QipMmMA8Yz6PSQdo2PU6gMmVbbn2FB0uZvrC_SehQLkNa9ULODhBstNqMOLrKeK0N4Q/photo/AF1QipPwwBUXpWAmmgO4QPEALkHUbh_gAUzazhJnCwr8?key=UzB5ejd5RllRaXgxY1dRYlYyV1dKUnJVZHJLRTBn,2024-19.fulhamcemeteryfriends.org.uk,
4810.2172,2024-25,Prunus 'Kanzan',‘Kanzan’ Japanese cherry,Cherry,Pink Japanese cherry,51.481,-0.21724,,2024,,,,New 2024,4,,,,No,,,1 - Nearest,http://maps.google.com/maps?z=12&t=k&q=loc:51.481+-0.21724,https://photos.google.com/share/AF1QipMmMA8Yz6PSQdo2PU6gMmVbbn2FB0uZvrC_SehQLkNa9ULODhBstNqMOLrKeK0N4Q/photo/AF1QipM8fvjbk5SaXI5cUbeNEQJbfSi-6thnLKazGMzo?key=UzB5ejd5RllRaXgxY1dRYlYyV1dKUnJVZHJLRTBn,2024-25.fulhamcemeteryfriends.org.uk,
4809.2172,2024-26,Prunus 'Kanzan',‘Kanzan’ Japanese cherry,Cherry,Pink Japanese cherry,51.48093,-0.21722,,2024,,,,New 2024,4,,,,No,,,1 - Nearest,http://maps.google.com/maps?z=12&t=k&q=loc:51.48093+-0.21722,https://photos.google.com/share/AF1QipMmMA8Yz6PSQdo2PU6gMmVbbn2FB0uZvrC_SehQLkNa9ULODhBstNqMOLrKeK0N4Q/photo/AF1QipMQ--ikOozZX6HFQvLVzRaJokvavq06yusGbvm_?key=UzB5ejd5RllRaXgxY1dRYlYyV1dKUnJVZHJLRTBn,2024-26.fulhamcemeteryfriends.org.uk,
4808.2172,2024-27,Prunus 'Kanzan',‘Kanzan’ Japanese cherry,Cherry,Pink Japanese cherry,51.48086,-0.21721,,2024,,,,New 2024,4,,,,No,,,1 - Nearest,http://maps.google.com/maps?z=12&t=k&q=loc:51.48086+-0.21721,https://photos.google.com/share/AF1QipMmMA8Yz6PSQdo2PU6gMmVbbn2FB0uZvrC_SehQLkNa9ULODhBstNqMOLrKeK0N4Q/photo/AF1QipM7ElDPkKJ7KAVcqMwQsaojCHvobTHmURDWuLz6?key=UzB5ejd5RllRaXgxY1dRYlYyV1dKUnJVZHJLRTBn,2024-27.fulhamcemeteryfriends.org.uk,
4799.2171,kanzan-1,Prunus 'Kanzan',‘Kanzan’ Japanese cherry,Cherry,Pink Japanese cherry,51.4799573,-0.2171439,,,1955,,,Highlight,9A,,,,Yes,Instagram,Done,,http://maps.google.com/maps?z=12&t=k&q=loc:51.4799573+-0.2171439,,,
4796.2169,,Prunus 'Kanzan',‘Kanzan’ Japanese cherry,Cherry,Pink Japanese cherry,51.4796161,-0.2169753,,,1955,,,Highlight,8B,,,,,,,,http://maps.google.com/maps?z=12&t=k&q=loc:51.4796161+-0.2169753,https://mymaps.usercontent.google.com/hostedimage/m/*/3AL_Y2X4V6sPSxqGje3V0GrxeILuEhOBwsJnpJj8rwE4X0BSqMxybj9k0VSTmPhkr7X8w4YpSKZZbgmWoZW-Bjxg_mJNZKqlNnNIJLHHirYULBFN5L7vh42oQtXku734hBi5KvkwUBUW_am9KDCY57mJJh4YyuRakMSLp3Rs2ccwdr9AbBmPRqK_X-IYD7st6saK3LQ1-D7wHIT9ToZbGSHvlmEZJt5K6UUQu6z2WV9Fb3u6_bg6xJNXzmtIEr-g?authuser=0&fife=s16383,,
4795.2169,,Prunus 'Kanzan',‘Kanzan’ Japanese cherry,Cherry,Pink Japanese cherry,51.4795155,-0.216953,,,1955,,,Highlight,10,,,,,,,,http://maps.google.com/maps?z=12&t=k&q=loc:51.4795155+-0.216953,,,
4788.2168,,Prunus 'Kanzan',‘Kanzan’ Japanese cherry,Cherry,Pink Japanese cherry,51.4788866,-0.2168635,,,1955,,,Highlight,9A,,,,,,,,http://maps.google.com/maps?z=12&t=k&q=loc:51.4788866+-0.2168635,,,
4798.2170,,Prunus 'Kanzan',‘Kanzan’ Japanese cherry,Cherry,Pink Japanese cherry,51.4798043,-0.217019,,,1955,,,Highlight,8B,,,,,,,,http://maps.google.com/maps?z=12&t=k&q=loc:51.4798043+-0.217019,,,
4798.2170,,Prunus 'Kanzan',‘Kanzan’ Japanese cherry,Cherry,Pink Japanese cherry,51.4798578,-0.2170391,,,1955,,,Highlight,8B,,,,,,,,http://maps.google.com/maps?z=12&t=k&q=loc:51.4798578+-0.2170391,,,
4802.2169,,Prunus 'Kanzan',‘Kanzan’ Japanese cherry,Cherry,Pink Japanese cherry,51.4802065,-0.2169682,White and pink cherry trees on one tree. (White blossoms probably from root stock),,1955,,,Highlight,"8, 8A",,,,,,,,http://maps.google.com/maps?z=12&t=k&q=loc:51.4802065+-0.2169682,,,
4797.2170,,Prunus 'Kanzan',‘Kanzan’ Japanese cherry,Cherry,Pink Japanese cherry,51.4797088,-0.2170893,,,1955,,,Highlight,9A,,,,,,,,http://maps.google.com/maps?z=12&t=k&q=loc:51.4797088+-0.2170893,,,
4816.2162,,Prunus 'Kanzan',‘Kanzan’ Japanese cherry,Cherry,Pink Japanese cherry,51.481672,-0.2162274,,,1955,,,Highlight,"2, 2C",,,,,,,,http://maps.google.com/maps?z=12&t=k&q=loc:51.481672+-0.2162274,,,
4812.2165,,Prunus 'Kanzan',‘Kanzan’ Japanese cherry,Cherry,Pink Japanese cherry,51.4812784,-0.2165201,,,1955,,,Highlight,3,,,,Yes,,,,http://maps.google.com/maps?z=12&t=k&q=loc:51.4812784+-0.2165201,,,
4798.2171,,Prunus 'Kanzan',‘Kanzan’ Japanese cherry,Cherry,Pink Japanese cherry,51.4798282,-0.217125,,,1955,,,Highlight,9A,,,,,,,,http://maps.google.com/maps?z=12&t=k&q=loc:51.4798282+-0.217125,,,
4795.2170,,Prunus 'Kanzan',‘Kanzan’ Japanese cherry,Cherry,Pink Japanese cherry,51.4795715,-0.2170297,"Mostly a stump, but still alive",,1955,,,Highlight,9A,Stump,Poor,,,,,,http://maps.google.com/maps?z=12&t=k&q=loc:51.4795715+-0.2170297,,,
4808.2144,2024-03,Prunus 'Shirotae',‘Shirotae’ Japanese cherry,Cherry,"White Japanese cherry, Mt Fuji cherry",51.48088,-0.21442,Too close to wall,2024,,,,New 2024,14,,,,No,,,3 - Furthest,http://maps.google.com/maps?z=12&t=k&q=loc:51.48088+-0.21442,https://photos.google.com/share/AF1QipMmMA8Yz6PSQdo2PU6gMmVbbn2FB0uZvrC_SehQLkNa9ULODhBstNqMOLrKeK0N4Q/photo/AF1QipP1sJcheYxr6Hkr7Kb2H69Wqdql7cspBhPMrQ4d?key=UzB5ejd5RllRaXgxY1dRYlYyV1dKUnJVZHJLRTBn,2024-03.fulhamcemeteryfriends.org.uk,
4807.2149,2024-05,Prunus 'Shirotae',‘Shirotae’ Japanese cherry,Cherry,"White Japanese cherry, Mt Fuji cherry",51.48075,-0.21494,,2024,,,,New 2024,14,,,,No,,,2 - Medium,http://maps.google.com/maps?z=12&t=k&q=loc:51.48075+-0.21494,https://photos.google.com/share/AF1QipMmMA8Yz6PSQdo2PU6gMmVbbn2FB0uZvrC_SehQLkNa9ULODhBstNqMOLrKeK0N4Q/photo/AF1QipOJk1Ecty6hpWRjBSKTXP9g--BBxmgMlVp0tQza?key=UzB5ejd5RllRaXgxY1dRYlYyV1dKUnJVZHJLRTBn,2024-05.fulhamcemeteryfriends.org.uk,
4807.2162,2024-12,Prunus 'Shirotae',‘Shirotae’ Japanese cherry,Cherry,"White Japanese cherry, Mt Fuji cherry",51.48075,-0.21625,,2024,,,,New 2024,2,,,,No,,,1 - Nearest,http://maps.google.com/maps?z=12&t=k&q=loc:51.48075+-0.21625,https://photos.google.com/share/AF1QipMmMA8Yz6PSQdo2PU6gMmVbbn2FB0uZvrC_SehQLkNa9ULODhBstNqMOLrKeK0N4Q/photo/AF1QipORZAUZXAOS3vhcWgKOLjtfkC9VVlITqH1TCLjW?key=UzB5ejd5RllRaXgxY1dRYlYyV1dKUnJVZHJLRTBn,2024-12.fulhamcemeteryfriends.org.uk,
4808.2163,2024-13,Prunus 'Shirotae',‘Shirotae’ Japanese cherry,Cherry,"White Japanese cherry, Mt Fuji cherry",51.48082,-0.21632,,2024,,,,New 2024,2,,,,No,,,1 - Nearest,http://maps.google.com/maps?z=12&t=k&q=loc:51.48082+-0.21632,https://photos.google.com/share/AF1QipMmMA8Yz6PSQdo2PU6gMmVbbn2FB0uZvrC_SehQLkNa9ULODhBstNqMOLrKeK0N4Q/photo/AF1QipM3TvXM0IjwYk2WSVfArnOp_iM2lssUr7qroaW5?key=UzB5ejd5RllRaXgxY1dRYlYyV1dKUnJVZHJLRTBn,2024-13.fulhamcemeteryfriends.org.uk,
4796.2171,2024-30,Prunus 'Shirotae',‘Shirotae’ Japanese cherry,Cherry,"White Japanese cherry, Mt Fuji cherry",51.47966,-0.21711,,2024,,,,New 2024,9A,,,,No,,,1 - Nearest,http://maps.google.com/maps?z=12&t=k&q=loc:51.47966+-0.21711,https://photos.google.com/share/AF1QipMmMA8Yz6PSQdo2PU6gMmVbbn2FB0uZvrC_SehQLkNa9ULODhBstNqMOLrKeK0N4Q/photo/AF1QipM8mhRN0QzeYjwYr_rIEnCK1E0y2ZyN7i0-8T-x?key=UzB5ejd5RllRaXgxY1dRYlYyV1dKUnJVZHJLRTBn,2024-30.fulhamcemeteryfriends.org.uk,
4796.2170,2024-31,Prunus 'Shirotae',‘Shirotae’ Japanese cherry,Cherry,"White Japanese cherry, Mt Fuji cherry",51.47962,-0.21709,,2024,,,,New 2024,9A,,,,No,,,1 - Nearest,http://maps.google.com/maps?z=12&t=k&q=loc:51.47962+-0.21709,https://photos.google.com/share/AF1QipMmMA8Yz6PSQdo2PU6gMmVbbn2FB0uZvrC_SehQLkNa9ULODhBstNqMOLrKeK0N4Q/photo/AF1QipNJU07GZSuGN6lVnTlICb-X3PpEA8fIAeKJVOag?key=UzB5ejd5RllRaXgxY1dRYlYyV1dKUnJVZHJLRTBn,2024-31.fulhamcemeteryfriends.org.uk,
4810.2173,tai-haku-1,Prunus 'Shirotae',‘Shirotae’ Japanese cherry,Cherry,"White Japanese cherry, Mt Fuji cherry",51.4810809,-0.2173689,"Magnificent tree. Last one remaining of a line of 3, planted in the 1950s",,1955,,,"Highlight, Veteran",4,,,,,,,,http://maps.google.com/maps?z=12&t=k&q=loc:51.4810809+-0.2173689,https://mymaps.usercontent.google.com/hostedimage/m/*/3AL_Y2X6mdEJFBJst1teU6JC2AIlxSDXJ18Yrz5LcRReCIU-YPbjGQ-v0HwZ1TvDASsawCk4_pnaBIBruvtkbJyzXXnelUWW6hlT65hbBABm4Ov8CDfy1DA-Ru8H4zQgES0QtChH0SISxXav9a0pyd2a6UT1l2KEofQUxEvPV223razxAKPb-yBi9l4AGwnF9NXRTPn0xTUgxoR_hmL-yUbirishjONDU-5Js-0Fw7Kwtzx1GsK9viae1j5NCN9w?authuser=0&fife=s16383,,
4816.2165,,Prunus 'Shirotae',‘Shirotae’ Japanese cherry,Cherry,"White Japanese cherry, Mt Fuji cherry",51.4816882,-0.2165756,Magnificent tree,,,,,Highlight,2,,,,,,,,http://maps.google.com/maps?z=12&t=k&q=loc:51.4816882+-0.2165756,https://mymaps.usercontent.google.com/hostedimage/m/*/3AL_Y2X7bMdfmLPhzV5xUBiFHUwFZz_nUzwR-o1zc-wLIRv47yW1Ra3BvIvGhObMzQCFm2WRx4KFlsiYs2fwh7z2nOSZrxQOf1i3V9OoP5Es6goQCYlITXKj_DR6OmKLO4cXNGuxfeKsijgdB7jlObZzzamFDDHRxGcDJkZus6CbDpRYhlCN0CXfMHte-rHHeOqnvhUQKl80ecdTqf1SnkfERUsmk8lHhLBkGAH90G2bU15IYZHyCmQQYP7Vp80s?authuser=0&fife=s16383,,
4814.2160,,Prunus 'Shirotae',‘Shirotae’ Japanese cherry,Cherry,"White Japanese cherry, Mt Fuji cherry",51.4814937,-0.2160676,,,,,,Highlight,"2, 2C",,,,,,,,http://maps.google.com/maps?z=12&t=k&q=loc:51.4814937+-0.2160676,https://mymaps.usercontent.google.com/hostedimage/m/*/3AL_Y2X4PiktIPcy4YkbsrBrtC71-Uy243LFspFx7MOh7HfuCI5D1WB9Co_6JyV6YGcY9o7LyCoWzY7TtrMQ-WhPcXf2PcWdDhDOz6ljk6_dMOkyWKLTwiiVsSWR_DwLSroKMjzA-6eSUmvau_AocW7Lj_aqRFqvzo6DwEYCRIBM4hBnGEUj3a75c2tQJziYoxFnlxIX8M0p4yY9BDlFNNLVFRUa4xXSEtddblgxdmzoIW-40ukk6NEWKp8z2gyk?authuser=0&fife=s16383,,
4806.2163,,Prunus 'Shirotae',‘Shirotae’ Japanese cherry,Cherry,"White Japanese cherry, Mt Fuji cherry",51.4806579,-0.2163743,Fragrant,,,,,Highlight,7,,,,,,,,http://maps.google.com/maps?z=12&t=k&q=loc:51.4806579+-0.2163743,,,
4808.2163,2024-14,Prunus 'Tai Haku',‘Tai Haku’ Japanese cherry,Cherry,“Great white” Japanese cherry,51.48088,-0.21634,,2024,,,,New 2024,2,,,,No,,,1 - Nearest,http://maps.google.com/maps?z=12&t=k&q=loc:51.48088+-0.21634,https://photos.google.com/share/AF1QipMmMA8Yz6PSQdo2PU6gMmVbbn2FB0uZvrC_SehQLkNa9ULODhBstNqMOLrKeK0N4Q/photo/AF1QipNCzAqqrlGcwmLCiviXMeulJ65FWTLwjhLn-k8A?key=UzB5ejd5RllRaXgxY1dRYlYyV1dKUnJVZHJLRTBn,2024-14.fulhamcemeteryfriends.org.uk,
4809.2163,2024-14,Prunus 'Tai Haku',‘Tai Haku’ Japanese cherry,Cherry,“Great white” Japanese cherry,51.48093,-0.21635,,2024,,71,,New 2024,2,,,,Yes,,"Done, Replace",1 - Nearest,http://maps.google.com/maps?z=12&t=k&q=loc:51.48093+-0.21635,https://photos.google.com/share/AF1QipOSzoEvCUsDlqUn1c3Fh1H5zWfNqjPGSVLRh4KNn9Y-rbeTTtCqcZL3jPcCU5Wglw/photo/AF1QipNDzOmQWFC_7gav8WAdLqa1T9Rxl34TM4F9NAS0?key=Y2Y3NzBtRUVNS3FxZVpGSFFpY2FUbmdPektNOWNB,tai-haku-1.fulhamcemeteryfriends.org.uk,https://ja-m-wikipedia-org.translate.goog/wiki/%E3%82%BF%E3%82%A4%E3%83%8F%E3%82%AF?_x_tr_sl=auto&_x_tr_tl=en&_x_tr_hl=en-US&_x_tr_pto=wapp
4809.2163,2024-16,Prunus 'Tai Haku',‘Tai Haku’ Japanese cherry,Cherry,“Great white” Japanese cherry,51.48099,-0.21636,,2024,,,,New 2024,2,,,,No,,,1 - Nearest,http://maps.google.com/maps?z=12&t=k&q=loc:51.48099+-0.21636,https://photos.google.com/share/AF1QipMmMA8Yz6PSQdo2PU6gMmVbbn2FB0uZvrC_SehQLkNa9ULODhBstNqMOLrKeK0N4Q/photo/AF1QipOBUpJJdAUWgN-u3YQC8oRuGa90jjXMizUW-1wX?key=UzB5ejd5RllRaXgxY1dRYlYyV1dKUnJVZHJLRTBn,2024-16.fulhamcemeteryfriends.org.uk,
4803.2171,2024-28,Prunus 'Tai Haku',‘Tai Haku’ Japanese cherry,Cherry,“Great white” Japanese cherry,51.48031,-0.21711,,2024,,,,New 2024,8,,,,No,,,2 - Medium,http://maps.google.com/maps?z=12&t=k&q=loc:51.48031+-0.21711,https://photos.google.com/share/AF1QipMmMA8Yz6PSQdo2PU6gMmVbbn2FB0uZvrC_SehQLkNa9ULODhBstNqMOLrKeK0N4Q/photo/AF1QipMOSfhHMkP0YsZTGNlijWfthKU8VIHQPysB9sc4?key=UzB5ejd5RllRaXgxY1dRYlYyV1dKUnJVZHJLRTBn,2024-28.fulhamcemeteryfriends.org.uk,
4802.2170,2024-29,Prunus 'Tai Haku',‘Tai Haku’ Japanese cherry,Cherry,“Great white” Japanese cherry,51.48023,-0.21709,,2024,,,,New 2024,8,,,,No,,,2 - Medium,http://maps.google.com/maps?z=12&t=k&q=loc:51.48023+-0.21709,https://photos.google.com/share/AF1QipMmMA8Yz6PSQdo2PU6gMmVbbn2FB0uZvrC_SehQLkNa9ULODhBstNqMOLrKeK0N4Q/photo/AF1QipN0uT7hrv3jSX6o259iqLS22l3vEeaEfQ0g5Z_V?key=UzB5ejd5RllRaXgxY1dRYlYyV1dKUnJVZHJLRTBn,2024-29.fulhamcemeteryfriends.org.uk,
4808.2145,2025-04,Prunus 'Tai Haku',‘Tai Haku’ Japanese cherry,Cherry,“Great white” Japanese cherry,51.48085,-0.21458,,2025,,,,"New 2025, Sakura Project",14,,,,No,,,3 - Furthest,http://maps.google.com/maps?z=12&t=k&q=loc:51.48085+-0.21458,,2025-04.fulhamcemeteryfriends.org.uk,
4808.2147,2025-05,Prunus 'Tai Haku',‘Tai Haku’ Japanese cherry,Cherry,“Great white” Japanese cherry,51.4808,-0.21475,,2025,,,,"New 2025, Sakura Project",14,,,,No,,,3 - Furthest,http://maps.google.com/maps?z=12&t=k&q=loc:51.4808+-0.21475,,2025-05.fulhamcemeteryfriends.org.uk,
4808.2164,2025-06,Prunus 'Tai Haku',‘Tai Haku’ Japanese cherry,Cherry,“Great white” Japanese cherry,51.48083,-0.21643,,2025,,,,"New 2025, Sakura Project",3,,,,No,,,1 - Nearest,http://maps.google.com/maps?z=12&t=k&q=loc:51.48083+-0.21643,,2025-06.fulhamcemeteryfriends.org.uk,
4809.2164,2025-07,Prunus 'Tai Haku',‘Tai Haku’ Japanese cherry,Cherry,“Great white” Japanese cherry,51.4809,-0.21644,,2025,,,,"New 2025, Sakura Project",3,,,,No,,,1 - Nearest,http://maps.google.com/maps?z=12&t=k&q=loc:51.4809+-0.21644,,2025-07.fulhamcemeteryfriends.org.uk,
4809.2164,2025-08,Prunus 'Tai Haku',‘Tai Haku’ Japanese cherry,Cherry,“Great white” Japanese cherry,51.48097,-0.21646,,2025,,,,"New 2025, Sakura Project",3,,,,No,,,1 - Nearest,http://maps.google.com/maps?z=12&t=k&q=loc:51.48097+-0.21646,,2025-08.fulhamcemeteryfriends.org.uk,
4810.2164,2025-09,Prunus 'Tai Haku',‘Tai Haku’ Japanese cherry,Cherry,“Great white” Japanese cherry,51.48103,-0.21647,,2025,,,,"New 2025, Sakura Project",3,,,,No,,,1 - Nearest,http://maps.google.com/maps?z=12&t=k&q=loc:51.48103+-0.21647,,2025-09.fulhamcemeteryfriends.org.uk,
4810.2164,2025-10,Prunus 'Tai Haku',‘Tai Haku’ Japanese cherry,Cherry,“Great white” Japanese cherry,51.48109,-0.21649,,2025,,,,"New 2025, Sakura Project",3,,,,No,,,2 - Medium,http://maps.google.com/maps?z=12&t=k&q=loc:51.48109+-0.21649,,2025-10.fulhamcemeteryfriends.org.uk,
4814.2164,2025-11,Prunus 'Tai Haku',‘Tai Haku’ Japanese cherry,Cherry,“Great white” Japanese cherry,51.48148,-0.21649,,2025,,,,"New 2025, Sakura Project",2,,,,No,,,3 - Furthest,http://maps.google.com/maps?z=12&t=k&q=loc:51.48148+-0.21649,,2025-11.fulhamcemeteryfriends.org.uk,
4815.2165,2025-12,Prunus 'Tai Haku',‘Tai Haku’ Japanese cherry,Cherry,“Great white” Japanese cherry,51.48156,-0.21652,,2025,,,,"New 2025, Sakura Project",2,,,,No,,,3 - Furthest,http://maps.google.com/maps?z=12&t=k&q=loc:51.48156+-0.21652,,2025-12.fulhamcemeteryfriends.org.uk,
4798.2173,2025-13,Prunus 'Tai Haku',‘Tai Haku’ Japanese cherry,Cherry,“Great white” Japanese cherry,51.47983,-0.21734,,2025,,,,"New 2025, Sakura Project",9A,,,,No,,,2 - Medium,http://maps.google.com/maps?z=12&t=k&q=loc:51.47983+-0.21734,,2025-13.fulhamcemeteryfriends.org.uk,
4797.2173,2025-14,Prunus 'Tai Haku',‘Tai Haku’ Japanese cherry,Cherry,“Great white” Japanese cherry,51.4797,-0.21734,,2025,,,,"New 2025, Sakura Project",9A,,,,No,,,2 - Medium,http://maps.google.com/maps?z=12&t=k&q=loc:51.4797+-0.21734,,2025-14.fulhamcemeteryfriends.org.uk,
4795.2173,2025-15,Prunus 'Tai Haku',‘Tai Haku’ Japanese cherry,Cherry,“Great white” Japanese cherry,51.4795,-0.21733,,2025,,,,"New 2025, Sakura Project",9A,,,,No,,,2 - Medium,http://maps.google.com/maps?z=12&t=k&q=loc:51.4795+-0.21733,,2025-15.fulhamcemeteryfriends.org.uk,
4792.2172,2025-16,Prunus 'Tai Haku',‘Tai Haku’ Japanese cherry,Cherry,“Great white” Japanese cherry,51.4792,-0.21724,,2025,,,,"New 2025, Sakura Project",9A,,,,No,,,3 - Furthest,http://maps.google.com/maps?z=12&t=k&q=loc:51.4792+-0.21724,,2025-16.fulhamcemeteryfriends.org.uk,
4791.2170,2025-17,Prunus 'Tai Haku',‘Tai Haku’ Japanese cherry,Cherry,“Great white” Japanese cherry,51.47914,-0.21706,,2025,,,,"New 2025, Sakura Project",9A,,,,No,,,3 - Furthest,http://maps.google.com/maps?z=12&t=k&q=loc:51.47914+-0.21706,,2025-17.fulhamcemeteryfriends.org.uk,
4806.2156,ukon-1,Prunus 'Ukon',‘Ukon’ Japanese cherry,Cherry,Turmeric’ white Japanese cherry,51.4806866,-0.2156213,Greenish-cream blossoms.,,1985,41,,"Highlight, One of a kind",6,,,,Yes,,Done,,http://maps.google.com/maps?z=12&t=k&q=loc:51.4806866+-0.2156213,https://mymaps.usercontent.google.com/hostedimage/m/*/3AL_Y2X7w2H0At8Fm4M_VfUOiBCsaZWMdDVcCUUSYTb5ZCtT_IhOxII9gqO7L-iWQO-ucnoTKB6lh0LG_perUuhN1m4f0yWysGfEGbjZ-fcdtbJO__Gf7yfKY4Oera0LgxXGAvNKbgbGLgAZLYieJwS3G6-7D9VRP00iuv5PAvy-Q1XJiTNYsgD1Lh4dPd0gRYZo4ic4K15oGnEaH_MBbUlVo-0d44lJl5luytIL_Tk7g_65MCHc0G4Ur7ENg4zk?authuser=0&fife=s16383,ukon-1.fulhamcemeteryfriends.org.uk,https://en.wikipedia.org/wiki/Prunus_%27Kanzan%27
4797.2166,,Prunus (TBC),Blackthorn or crabapple,,,51.47973,-0.21664,Self-sown. White blossoms in April,,,,,"Self-sown, TBC",10,,,,,,,,http://maps.google.com/maps?z=12&t=k&q=loc:51.47973+-0.21664,,,
4804.2169,,Prunus avium,Wild cherry,Cherry,,51.4804316,-0.2169377,"Large tree, appears to be in decline",,,,,,8,,Poor,,,,,,http://maps.google.com/maps?z=12&t=k&q=loc:51.4804316+-0.2169377,,,
4811.2167,,Prunus avium,Wild cherry,Cherry,,51.4811494,-0.2167419,,,,,,,3,,,,,,,,http://maps.google.com/maps?z=12&t=k&q=loc:51.4811494+-0.2167419,,,
4792.2170,,Prunus avium,Wild cherry,Cherry,,51.4792575,-0.2170934,,,,,,,9A,,,,,,,,http://maps.google.com/maps?z=12&t=k&q=loc:51.4792575+-0.2170934,,,
4789.2167,,Prunus avium,Wild cherry,Cherry,,51.4789986,-0.2167742,,,,,,,10,,,,,,,,http://maps.google.com/maps?z=12&t=k&q=loc:51.4789986+-0.2167742,,,
4790.2167,,Prunus avium,Wild cherry,Cherry,,51.4790019,-0.2167018,,,,,,,10,,,,,,,,http://maps.google.com/maps?z=12&t=k&q=loc:51.4790019+-0.2167018,,,
4790.2166,,Prunus avium,Wild cherry,Cherry,,51.4790036,-0.2166213,,,,,,,10,,,,,,,,http://maps.google.com/maps?z=12&t=k&q=loc:51.4790036+-0.2166213,,,
4807.2166,,Prunus avium,Wild cherry,Cherry,,51.4807091,-0.2166515,nearly dead,,,,,,3,,Poor,,,,,,http://maps.google.com/maps?z=12&t=k&q=loc:51.4807091+-0.2166515,,,
4791.2169,,Prunus avium,Wild cherry,Cherry,,51.4791706,-0.2169298,,,,,,,9A,,,,,,,,http://maps.google.com/maps?z=12&t=k&q=loc:51.4791706+-0.2169298,,,
4798.2155,,Prunus avium,Wild cherry,Cherry,,51.4798686,-0.2155127,Small self-sown tree,,,,,Self-sown,6C,,,,,,,,http://maps.google.com/maps?z=12&t=k&q=loc:51.4798686+-0.2155127,,,
4790.2169,,Prunus avium,Wild cherry,Cherry,,51.47909,-0.2169588,,,,,,,9A,,,,,,,,http://maps.google.com/maps?z=12&t=k&q=loc:51.47909+-0.2169588,,,
4791.2168,,Prunus avium,Wild cherry,Cherry,,51.479148,-0.2168156,,,,,,,10,,,,,,,,http://maps.google.com/maps?z=12&t=k&q=loc:51.479148+-0.2168156,,,
4802.2154,,Prunus avium,Wild cherry,Cherry,,51.4802401,-0.2154412,Small self-sown tree,,,,,Self-sown,13,,,,,,,,http://maps.google.com/maps?z=12&t=k&q=loc:51.4802401+-0.2154412,,,
4806.2160,,Prunus avium,Wild cherry,Cherry,,51.4806298,-0.2160884,,,,,,Native,6,,,,No,,"Done, Needs content",,http://maps.google.com/maps?z=12&t=k&q=loc:51.4806298+-0.2160884,,wildcherry-01.fulhamcemeteryfriends.org.uk,
4809.2142,wildcherry-01,Prunus avium 'Plena',Wild cherry,Cherry,,51.4809365,-0.2142877,Enormous,,1955,,,Highlight,14,,,,,,,,http://maps.google.com/maps?z=12&t=k&q=loc:51.4809365+-0.2142877,https://mymaps.usercontent.google.com/hostedimage/m/*/3AL_Y2X6GqxCJVo4vvmQ8peldyINZ-VNSjvAxx0nXqB8sLtR5TZz4H4u49-oFRh_isIIhQ2teCrvb9Bm0IAFbstdX-ru1mFvbVpXW72koshZRzgYnIUuSGloPJaYljN1E8ygTfxQVXnAsrSyNfw3pTKTCl7epcO2X4Ag2UYuGz3cXDQ8vfD3LAYxQ-XFH-dLGEqq5JaLHw8YDli8Bmop1HO_WfgcU03hl2x_3QTrmPiNMOjZ0S9GPwH4G7WLN31I?authuser=0&fife=s16383,,
4808.2167,,Prunus avium 'Plena',Wild cherry,Cherry,,51.4808995,-0.216794,,,,,,,3,,,,,,,,http://maps.google.com/maps?z=12&t=k&q=loc:51.4808995+-0.216794,,,
4805.2155,,Prunus cerasifera 'Nigra',Purple cherry plum,Plum,,51.4805296,-0.2155793,"Weakened by fungus / slime mold, but still alive",,,,,Highlight,"6, 6A",,Poor,,,,,,http://maps.google.com/maps?z=12&t=k&q=loc:51.4805296+-0.2155793,https://mymaps.usercontent.google.com/hostedimage/m/*/3AL_Y2X5NOwKcAZL_0j_ANOzw0Qok_Rf0zojw9ehH6lgVpCwN-o5SJpFV57_H0f_QhoB-puufoh4yPnPl5_vFSTrtsaSOGFy1noG2OcMUhiDmRR0cO0TCzxSoqelo2oMXlnl7116bhAhdtEcFKCr1sj5xshyC0cQclfJRmIBn50Hkql-Z-nBnZQyjp993KXlrNd7y-jzYOMYMpogf_sm0i8XE5LSLiM0qhe-CmIVxVdWLOoI8R_rqOq9D7v70DGI?authuser=0&fife=s16383,,
4802.2156,,Prunus cerasifera 'Nigra',Purple cherry plum,Plum,Purple plum,51.4802486,-0.2156679,,,,71,,,6C,,,,Yes,,Done,,http://maps.google.com/maps?z=12&t=k&q=loc:51.4802486+-0.2156679,,pissard-1.fulhamcemeteryfriends.org.uk,https://en.wikipedia.org/wiki/Prunus_cerasifera
4803.2165,pissard-1,Prunus cerasifera 'Pissardii',Purple cherry plum,Plum,,51.4803815,-0.2165302,"Lost a large branch around 2023, but still mostly intact.",,1955,,,Highlight,7,,,,,,,,http://maps.google.com/maps?z=12&t=k&q=loc:51.4803815+-0.2165302,https://mymaps.usercontent.google.com/hostedimage/m/*/3AL_Y2X7Qk_Xmn3YotDIvPat8JLAkKWmr_f6nTPzA-lNg555sO54PjGSFSgxXxR2FT52WIZSAJpWY8rBhu3CN34Dhqn9VUzoXZvESfjWh1uuGp1s9FCAuTxuihkGQxhkAP4-jNs6o_0-t807gT_PVeE6xocmA_3NO_1KuY6P6_Hg17TPYWqYG0PL_5X2msU4csoXWDS5kiqWRGBAJn3ooVzSjqVpZAyZBJ9_5ryJiJxV5OdoT2GAFcE_q6sXbJlw?authuser=0&fife=s16383,,
4809.2162,,Prunus cerasifera 'Pissardii',Purple cherry plum,Plum,,51.4809586,-0.2162073,"Large purple plum, planted in the 1950s. Reduced to a stump around 2023, but still alive.",,,,,Highlight,2,Stump,Poor,,,,,,http://maps.google.com/maps?z=12&t=k&q=loc:51.4809586+-0.2162073,https://mymaps.usercontent.google.com/hostedimage/m/*/3AL_Y2X4NNOoTl5VFe4-1ZYK5IitvlI5E2NZE6b5--HXXBda7MNU34BHdUwTIOuuPy7whFZCRMUpcSoVDVS62H6LFP4FWF4OVTDnDYGUmo7vv7IZ2AbXzYf1ZzSECikaib46pWLmWSqaWx4hgytdSj8pHeMMuR0kWKt2DI2qdWb6PrI-rVpFQfNuQ2JUN_L3TMVZ0LbXdAMRLabnOJU2SKlwwiGtvar0TM-zXdrLjOyqmfgUs1tWi3qP1bQCI9Mg?authuser=0&fife=s16383,,
4803.2160,,Prunus domestica,Plum,Plum,,51.4803425,-0.2160723,,,,,,Highlight,6A,,,,,,,,http://maps.google.com/maps?z=12&t=k&q=loc:51.4803425+-0.2160723,https://mymaps.usercontent.google.com/hostedimage/m/*/3AL_Y2X64zptJm3ELUi8z3-BVSYgYNOK5MQKIWFCJ9juyWDeAYwVJuxjtK1Rfq6A-nrpPR7UHzMLG6WgIJM1wxa7PVBjRD0YmNok5YKXgesvhiUqmMf3bOp5t1kcWr4vSMOwpGqQFpRnUJvoJNog2xjtI9uy0A4E3mcdxHCvoGM5_sFKzR2glnbZZiVT6bujSsSKF3dQvMH544B8SRRBA-WaqB1aamVspIheO7l8s5Or_WO6sGDIrHks8d8fThkw?authuser=0&fife=s16383,,
4800.2171,,Prunus x hillieri 'Spire' (TBC),Japanese cherries (2 side by side),Cherry,,51.4800489,-0.2171685,2 young trees planted 1m apart. One in a metal cage.,,,,,TBC,9A,,,,,,,,http://maps.google.com/maps?z=12&t=k&q=loc:51.4800489+-0.2171685,,,
4808.2166,,Prunus x subhirtella 'Autumnalis',Winter-flowering cherry,Cherry,,51.4808738,-0.2166079,,,,,,,3,,,,,,,,http://maps.google.com/maps?z=12&t=k&q=loc:51.4808738+-0.2166079,,,
4811.2166,,Prunus x subhirtella 'Autumnalis',Winter-flowering cherry,Cherry,,51.4811695,-0.2166441,,,,,,,3,,,,,,,,http://maps.google.com/maps?z=12&t=k&q=loc:51.4811695+-0.2166441,,,
4807.2151,2024-06,Prunus x yedoensis,‘Yedoensis’ Japanese cherry,Cherry,"White Japanese cherry, Yoshino cherry",51.48071,-0.2151,,2024,,,,New 2024,14,,,,No,,,2 - Medium,http://maps.google.com/maps?z=12&t=k&q=loc:51.48071+-0.2151,https://photos.google.com/share/AF1QipMmMA8Yz6PSQdo2PU6gMmVbbn2FB0uZvrC_SehQLkNa9ULODhBstNqMOLrKeK0N4Q/photo/AF1QipNzdXI1N3wHQ2g-buUbGUSUPtfNQ3ubQOP82nSn?key=UzB5ejd5RllRaXgxY1dRYlYyV1dKUnJVZHJLRTBn,2024-06.fulhamcemeteryfriends.org.uk,
4806.2152,2024-07,Prunus x yedoensis,‘Yedoensis’ Japanese cherry,Cherry,"White Japanese cherry, Yoshino cherry",51.48067,-0.21525,Too close to wall. Moved to better place in Feb,2024,,,,New 2024,14,,,,No,,,2 - Medium,http://maps.google.com/maps?z=12&t=k&q=loc:51.48067+-0.21525,https://photos.google.com/share/AF1QipMmMA8Yz6PSQdo2PU6gMmVbbn2FB0uZvrC_SehQLkNa9ULODhBstNqMOLrKeK0N4Q/photo/AF1QipOYYF6xDT3IssTWCJx0r_lHv4m15BV7fKBgM8K5?key=UzB5ejd5RllRaXgxY1dRYlYyV1dKUnJVZHJLRTBn,2024-07.fulhamcemeteryfriends.org.uk,
4806.2158,2024-08,Prunus x yedoensis,‘Yedoensis’ Japanese cherry,Cherry,"White Japanese cherry, Yoshino cherry",51.48069,-0.21585,,2024,,,,New 2024,6,,,,No,,,1 - Nearest,http://maps.google.com/maps?z=12&t=k&q=loc:51.48069+-0.21585,https://photos.google.com/share/AF1QipMmMA8Yz6PSQdo2PU6gMmVbbn2FB0uZvrC_SehQLkNa9ULODhBstNqMOLrKeK0N4Q/photo/AF1QipMWt1CDIPuaRLUWlxt5wjZfBbU49vi305VTMuJB?key=UzB5ejd5RllRaXgxY1dRYlYyV1dKUnJVZHJLRTBn,2024-08.fulhamcemeteryfriends.org.uk,
4809.2158,,Pyrus calleryana 'Chanticleer',Chanticleer pear,Pear,,51.4809903,-0.215845,,,,,,,1,,,,,,,,http://maps.google.com/maps?z=12&t=k&q=loc:51.4809903+-0.215845,,,
4809.2157,,Pyrus calleryana 'Chanticleer',Chanticleer pear,Pear,,51.4809552,-0.2157149,,,,,,,1,,,,,,,,http://maps.google.com/maps?z=12&t=k&q=loc:51.4809552+-0.2157149,,,
4809.2157,,Pyrus calleryana 'Chanticleer',Chanticleer pear,Pear,,51.4809067,-0.2157001,,,,,,,1,,,,,,,,http://maps.google.com/maps?z=12&t=k&q=loc:51.4809067+-0.2157001,,,
4808.2156,,Pyrus calleryana 'Chanticleer',Chanticleer pear,Pear,,51.4808608,-0.2156907,,,,,,,1,,,,,,,,http://maps.google.com/maps?z=12&t=k&q=loc:51.4808608+-0.2156907,,,
4809.2157,,Pyrus calleryana 'Chanticleer',Chanticleer pear,Pear,,51.4809978,-0.2157806,,,,,,,1,,,,,,,,http://maps.google.com/maps?z=12&t=k&q=loc:51.4809978+-0.2157806,,,
4793.2166,,Quercus ilex,Holm oak,Oak,Holly oak,51.479326,-0.2166616,,,,,,Self-sown,10,,,,,,,,http://maps.google.com/maps?z=12&t=k&q=loc:51.479326+-0.2166616,,,
4804.2160,,Quercus ilex,Holm oak,Oak,Holly oak,51.4804941,-0.2160515,,,,,,Self-sown,"6, 6A",,,,,,,,http://maps.google.com/maps?z=12&t=k&q=loc:51.4804941+-0.2160515,,,
4796.2164,,Quercus ilex,Holm oak,Oak,Holly oak,51.4796896,-0.2164557,,,,,,Self-sown,7B,,,,,,,,http://maps.google.com/maps?z=12&t=k&q=loc:51.4796896+-0.2164557,,,
4798.2154,,Quercus ilex,Holm oak,Oak,Holly oak,51.4798477,-0.215498,Small self-sown tree,,,,,Self-sown,6C,,,,,,,,http://maps.google.com/maps?z=12&t=k&q=loc:51.4798477+-0.215498,,,
4791.2171,,Quercus ilex,Holm oak,Oak,Holly oak,51.4791904,-0.2171668,Self-sown,,,,,Self-sown,9A,,,,,,,,http://maps.google.com/maps?z=12&t=k&q=loc:51.4791904+-0.2171668,,,
4808.2174,,Quercus ilex,Holm oak,Oak,Holly oak,51.4808377,-0.2174769,Self-sown,,,,,Self-sown,5,,,,,,,,http://maps.google.com/maps?z=12&t=k&q=loc:51.4808377+-0.2174769,,,
4811.2162,oak-1,Quercus robur,English oak,Oak,,51.4811734,-0.2162401,,,1975,51,,"Bird box, Highlight, Native",2,,,,,,"Done, Needs content",,http://maps.google.com/maps?z=12&t=k&q=loc:51.4811734+-0.2162401,,freeman-01.fulhamcemeteryfriends.org.uk,https://en.wikipedia.org/wiki/Acer_%C3%97_freemanii
4803.2173,,Quercus robur,English Oak,Oak,"Pedunculate oak, common oak",51.4803301,-0.2173163,,,,,,Native,9,,,,,,,,http://maps.google.com/maps?z=12&t=k&q=loc:51.4803301+-0.2173163,,,
4815.2162,,Quercus robur,English Oak,Oak,"Pedunculate oak, common oak",51.4815522,-0.2162757,,,,,,Native,"2, 2C",,,,,,,,http://maps.google.com/maps?z=12&t=k&q=loc:51.4815522+-0.2162757,,,
4813.2164,,Quercus robur,English Oak,Oak,"Pedunculate oak, common oak",51.4813694,-0.2164789,,,,,,Native,2,,,,,,,,http://maps.google.com/maps?z=12&t=k&q=loc:51.4813694+-0.2164789,,,
4813.2163,,Quercus robur,English Oak,Oak,"Pedunculate oak, common oak",51.4813915,-0.216318,,,,,,Native,2,,,,,,,,http://maps.google.com/maps?z=12&t=k&q=loc:51.4813915+-0.216318,,,
4801.2156,,Quercus robur,English Oak,Oak,"Pedunculate oak, common oak",51.4801575,-0.2156799,,,,,,Native,6C,,,,,,,,http://maps.google.com/maps?z=12&t=k&q=loc:51.4801575+-0.2156799,,,
4813.2170,,Quercus robur,English Oak,Oak,"Pedunculate oak, common oak",51.4813647,-0.2170302,,,,,,Native,4,,,,,,,,http://maps.google.com/maps?z=12&t=k&q=loc:51.4813647+-0.2170302,,,
4812.2168,,Quercus robur,English Oak,Oak,"Pedunculate oak, common oak",51.4812895,-0.2168894,,,,,,Native,3,,,,,,,,http://maps.google.com/maps?z=12&t=k&q=loc:51.4812895+-0.2168894,,,
4814.2169,,Quercus robur,English Oak,Oak,"Pedunculate oak, common oak",51.4814248,-0.2169203,,,,,,Native,3,,,,,,,,http://maps.google.com/maps?z=12&t=k&q=loc:51.4814248+-0.2169203,,,
4801.2169,,Quercus robur,English Oak,Oak,"Pedunculate oak, common oak",51.4801314,-0.2169161,,,,,,Native,8B,,,,,,,,http://maps.google.com/maps?z=12&t=k&q=loc:51.4801314+-0.2169161,,,
4805.2167,,Quercus robur,English Oak,Oak,"Pedunculate oak, common oak",51.4805831,-0.216743,,,,,,Native,7,,,,,,,,http://maps.google.com/maps?z=12&t=k&q=loc:51.4805831+-0.216743,,,
4806.2155,,Quercus robur,English Oak,Oak,"Pedunculate oak, common oak",51.48063,-0.21552,,2025,,1,,"Donated, Native, New 2025",6,,,,No,,"Done, Needs content",2 - Medium,http://maps.google.com/maps?z=12&t=k&q=loc:51.48063+-0.21552,https://photos.app.goo.gl/h3QXQ7aHUYYi6Ppe7,oak-01.fulhamcemeteryfriends.org.uk,
4813.2131,robinia-1,Robinia pseudoacacia 'Frisia',False acacia ‘Frisia’,Robinia,"Black locust tree, Robinia",51.4813457,-0.2131789,,,,,,"Highlight, One of a kind",15,,,,Yes,,Done,,http://maps.google.com/maps?z=12&t=k&q=loc:51.4813457+-0.2131789,,robinia-1.fulhamcemeteryfriends.org.uk,https://en.wikipedia.org/wiki/Robinia_pseudoacacia
4804.2154,,Sambucus nigra,Elder,Elder,,51.4804381,-0.2154932,,,,,,,16,,,,,,,,http://maps.google.com/maps?z=12&t=k&q=loc:51.4804381+-0.2154932,,,
4799.2154,,Sambucus nigra,Elder,Elder,,51.4799202,-0.2154592,Self-sown. Cut down,,,,2025,Self-sown,6C,,Dead,,,,,,http://maps.google.com/maps?z=12&t=k&q=loc:51.4799202+-0.2154592,,,
4801.2155,,Sambucus nigra,Elder,Elder,,51.4801633,-0.2155101,Had a grapevine growing on it. Cut down,,,,2025,Self-sown,6C,,Dead,,,,,,http://maps.google.com/maps?z=12&t=k&q=loc:51.4801633+-0.2155101,,,
4807.2164,,Sambucus nigra,Elder,Elder,,51.4807555,-0.2164522,Self-sown,,,,,Self-sown,3,,,,,,,,http://maps.google.com/maps?z=12&t=k&q=loc:51.4807555+-0.2164522,,,
4810.2160,,Sambucus nigra,Elder,Elder,,51.4810145,-0.2160043,,,,,,,"2, 2B",,,,,,,,http://maps.google.com/maps?z=12&t=k&q=loc:51.4810145+-0.2160043,,,
4811.2160,,Sorbus aucuparia,Rowan,Rowan,,51.4811396,-0.2160429,,,,,,,"2, 2B",,,,,,,,http://maps.google.com/maps?z=12&t=k&q=loc:51.4811396+-0.2160429,,,
4808.2149,,Sorbus aucuparia,Rowan,Rowan,,51.4808554,-0.2149763,,,,,,,15,,,,,,,,http://maps.google.com/maps?z=12&t=k&q=loc:51.4808554+-0.2149763,,,
4803.2162,,Sorbus aucuparia,Rowan,Rowan,,51.4803001,-0.2162727,,,,,,,7,,,,,,,,http://maps.google.com/maps?z=12&t=k&q=loc:51.4803001+-0.2162727,,,
4803.2172,yew-01,Taxus baccata,Yew,Yew,,51.4803669,-0.217264,,,,,,Native,9,,,,No,,"Done, Needs content",,http://maps.google.com/maps?z=12&t=k&q=loc:51.4803669+-0.217264,,yew-01.fulhamcemeteryfriends.org.uk,
4812.2178,,Taxus baccata,Yew,Yew,,51.4812314,-0.2178277,,,,,,,"5, 5A",,,,,,,,http://maps.google.com/maps?z=12&t=k&q=loc:51.4812314+-0.2178277,,,
4809.2176,,Taxus baccata,Yew,Yew,,51.4809625,-0.2176137,Could be self-sown. Growing on grave,,,,,,5,,,,,,,,http://maps.google.com/maps?z=12&t=k&q=loc:51.4809625+-0.2176137,,,
4795.2165,lime-001,Tilia x europaea,Lime avenue,Lime,Linden,51.4795983,-0.216563,,,,,,"Highlight, Native",10,,,,Yes,,Done,,http://maps.google.com/maps?z=12&t=k&q=loc:51.4795983+-0.216563,,lime-001.fulhamcemeteryfriends.org.uk,https://en.wikipedia.org/wiki/Tilia
4807.2155,,Tilia x europaea,Common lime,Lime,Linden,51.4807761,-0.2155425,,,,,,Native,1,,,,,,,,http://maps.google.com/maps?z=12&t=k&q=loc:51.4807761+-0.2155425,,,
4809.2167,,Tilia x europaea,Common lime,Lime,Linden,51.4809891,-0.2167796,"Coppiced, growing horizontal and wide",,,,,Native,3,,,,,,,,http://maps.google.com/maps?z=12&t=k&q=loc:51.4809891+-0.2167796,,,
4796.2165,,Tilia x europaea,Common lime,Lime,Linden,51.4796649,-0.2165129,,,,,,Native,7B,,,,,,,,http://maps.google.com/maps?z=12&t=k&q=loc:51.4796649+-0.2165129,,,
4797.2165,,Tilia x europaea,Common lime,Lime,Linden,51.4797221,-0.216527,,,,,,Native,7B,,,,,,,,http://maps.google.com/maps?z=12&t=k&q=loc:51.4797221+-0.216527,,,
4797.2165,,Tilia x europaea,Common lime,Lime,Linden,51.4797939,-0.216539,,,,,,Native,7B,,,,,,,,http://maps.google.com/maps?z=12&t=k&q=loc:51.4797939+-0.216539,,,
4798.2165,,Tilia x europaea,Common lime,Lime,Linden,51.4798716,-0.2165618,,,,,,Native,7B,,,,,,,,http://maps.google.com/maps?z=12&t=k&q=loc:51.4798716+-0.2165618,,,
4799.2165,,Tilia x europaea,Common lime,Lime,Linden,51.4799911,-0.2165914,,,,,,Native,7B,,,,,,,,http://maps.google.com/maps?z=12&t=k&q=loc:51.4799911+-0.2165914,,,
4796.2165,,Tilia x europaea,Common lime,Lime,Linden,51.4796573,-0.2165846,,,,,,Native,8B,,,,,,,,http://maps.google.com/maps?z=12&t=k&q=loc:51.4796573+-0.2165846,,,
4797.2166,,Tilia x europaea,Common lime,Lime,Linden,51.4797163,-0.2166101,,,,,,Native,8B,,,,,,,,http://maps.google.com/maps?z=12&t=k&q=loc:51.4797163+-0.2166101,,,
4797.2166,,Tilia x europaea,Common lime,Lime,Linden,51.4797881,-0.2166222,,,,,,Native,8B,,,,,,,,http://maps.google.com/maps?z=12&t=k&q=loc:51.4797881+-0.2166222,,,
4799.2166,,Tilia x europaea,Common lime,Lime,Linden,51.4799259,-0.2166652,,,,,,Native,8B,,,,,,,,http://maps.google.com/maps?z=12&t=k&q=loc:51.4799259+-0.2166652,,,
4800.2166,,Tilia x europaea,Common lime,Lime,Linden,51.480088,-0.2166209,,,,,,Native,7B,,,,,,,,http://maps.google.com/maps?z=12&t=k&q=loc:51.480088+-0.2166209,,,
4800.2166,,Tilia x europaea,Common lime,Lime,Linden,51.4800314,-0.2166851,,,,,,Native,8B,,,,,,,,http://maps.google.com/maps?z=12&t=k&q=loc:51.4800314+-0.2166851,,,
4796.2165,,Tilia x europaea,Common lime,Lime,Linden,51.4796029,-0.2165062,,,,,,Native,11,,,,,,,,http://maps.google.com/maps?z=12&t=k&q=loc:51.4796029+-0.2165062,,,
4795.2165,,Tilia x europaea,Common lime,Lime,Linden,51.4795536,-0.2165498,,,,,,Native,10,,,,,,,,http://maps.google.com/maps?z=12&t=k&q=loc:51.4795536+-0.2165498,,,
4795.2165,,Tilia x europaea,Common lime,Lime,Linden,51.4795043,-0.2165364,,,,,,Native,10,,,,,,,,http://maps.google.com/maps?z=12&t=k&q=loc:51.4795043+-0.2165364,,,
4795.2164,,Tilia x europaea,Common lime,Lime,Linden,51.4795402,-0.2164888,,,,,,Native,11,,,,,,,,http://maps.google.com/maps?z=12&t=k&q=loc:51.4795402+-0.2164888,,,
4794.2164,,Tilia x europaea,Common lime,Lime,Linden,51.4794704,-0.2164629,,,,,,Native,11,,,,,,,,http://maps.google.com/maps?z=12&t=k&q=loc:51.4794704+-0.2164629,,,
4794.2165,,Tilia x europaea,Common lime,Lime,Linden,51.4794319,-0.2165166,,,,,,Native,10,,,,,,,,http://maps.google.com/maps?z=12&t=k&q=loc:51.4794319+-0.2165166,,,
4793.2164,,Tilia x europaea,Common lime,Lime,Linden,51.4793981,-0.2164334,,,,,,Native,11,,,,,,,,http://maps.google.com/maps?z=12&t=k&q=loc:51.4793981+-0.2164334,,,
4793.2164,,Tilia x europaea,Common lime,Lime,Linden,51.4793426,-0.2164931,,,,,,Native,10,,,,,,,,http://maps.google.com/maps?z=12&t=k&q=loc:51.4793426+-0.2164931,,,
4792.2164,,Tilia x europaea,Common lime,Lime,Linden,51.4792691,-0.2164733,,,,,,Native,10,,,,,,,,http://maps.google.com/maps?z=12&t=k&q=loc:51.4792691+-0.2164733,,,
4792.2163,,Tilia x europaea,Common lime,Lime,Linden,51.4792449,-0.2163875,,,,,,Native,11,,,,,,,,http://maps.google.com/maps?z=12&t=k&q=loc:51.4792449+-0.2163875,,,
4791.2164,,Tilia x europaea,Common lime,Lime,Linden,51.4791844,-0.2164445,,,,,,Native,10,,,,,,,,http://maps.google.com/maps?z=12&t=k&q=loc:51.4791844+-0.2164445,,,
4790.2164,,Tilia x europaea,Common lime,Lime,Linden,51.4790955,-0.2164231,,,,,,Native,10,,,,,,,,http://maps.google.com/maps?z=12&t=k&q=loc:51.4790955+-0.2164231,,,
4791.2163,,Tilia x europaea,Common lime,Lime,Linden,51.4791644,-0.2163714,,,,,,Native,"11, 11A",,,,,,,,http://maps.google.com/maps?z=12&t=k&q=loc:51.4791644+-0.2163714,,,
4790.2163,,Tilia x europaea,Common lime,Lime,Linden,51.479085,-0.2163475,,,,,,Native,"11, 11A",,,,,,,,http://maps.google.com/maps?z=12&t=k&q=loc:51.479085+-0.2163475,,,
4790.2163,,Tilia x europaea,Common lime,Lime,Linden,51.4790132,-0.2163937,,,,,,Native,10,,,,,,,,http://maps.google.com/maps?z=12&t=k&q=loc:51.4790132+-0.2163937,,,
4790.2163,,Tilia x europaea,Common lime,Lime,Linden,51.4790069,-0.216326,,,,,,Native,"11, 11A",,,,,,,,http://maps.google.com/maps?z=12&t=k&q=loc:51.4790069+-0.216326,,,
4789.2163,,Tilia x europaea,Common lime,Lime,Linden,51.4789443,-0.2163736,,,,,,Native,10,,,,,,,,http://maps.google.com/maps?z=12&t=k&q=loc:51.4789443+-0.2163736,,,
4792.2153,,Tilia x europaea,Common lime,Lime,Linden,51.4792881,-0.2153466,,,,,,Native,12,,,,,,,,http://maps.google.com/maps?z=12&t=k&q=loc:51.4792881+-0.2153466,,,
4792.2154,,Tilia x europaea,Common lime,Lime,Linden,51.4792422,-0.2154431,,,,,,Native,12,,,,,,,,http://maps.google.com/maps?z=12&t=k&q=loc:51.4792422+-0.2154431,,,
4792.2155,,Tilia x europaea,Common lime,Lime,Linden,51.4792171,-0.2155088,,,,,,Native,12,,,,,,,,http://maps.google.com/maps?z=12&t=k&q=loc:51.4792171+-0.2155088,,,
4791.2156,,Tilia x europaea,Common lime,Lime,Linden,51.4791837,-0.2156094,,,,,,Native,12,,,,,,,,http://maps.google.com/maps?z=12&t=k&q=loc:51.4791837+-0.2156094,,,
4791.2157,,Tilia x europaea,Common lime,Lime,Linden,51.479142,-0.2157207,,,,,,Native,12,,,,,,,,http://maps.google.com/maps?z=12&t=k&q=loc:51.479142+-0.2157207,,,
4790.2159,,Tilia x europaea,Common lime,Lime,Linden,51.4790601,-0.2159326,,,,,,Native,11,,,,,,,,http://maps.google.com/maps?z=12&t=k&q=loc:51.4790601+-0.2159326,,,
4789.2160,,Tilia x europaea,Common lime,Lime,Linden,51.4789983,-0.2160587,,,,,,Native,11,,,,,,,,http://maps.google.com/maps?z=12&t=k&q=loc:51.4789983+-0.2160587,,,
4789.2161,,Tilia x europaea,Common lime,Lime,Linden,51.4789482,-0.2161767,,,,,,Native,11,,,,,,,,http://maps.google.com/maps?z=12&t=k&q=loc:51.4789482+-0.2161767,,,
4788.2163,,Tilia x europaea,Common lime,Lime,Linden,51.4788828,-0.2163273,,,,,,Native,10,,,,,,,,http://maps.google.com/maps?z=12&t=k&q=loc:51.4788828+-0.2163273,,,
4788.2163,,Tilia x europaea,Common lime,Lime,Linden,51.4788586,-0.2163944,,,,,,Native,10,,,,,,,,http://maps.google.com/maps?z=12&t=k&q=loc:51.4788586+-0.2163944,,,
4788.2164,,Tilia x europaea,Common lime,Lime,Linden,51.4788377,-0.2164615,,,,,,Native,10,,,,,,,,http://maps.google.com/maps?z=12&t=k&q=loc:51.4788377+-0.2164615,,,
4788.2165,,Tilia x europaea,Common lime,Lime,Linden,51.4788168,-0.2165245,,,,,,Native,10,,,,,,,,http://maps.google.com/maps?z=12&t=k&q=loc:51.4788168+-0.2165245,,,
4787.2165,,Tilia x europaea,Common lime,Lime,Linden,51.4787817,-0.2165996,,,,,,Native,10,,,,,,,,http://maps.google.com/maps?z=12&t=k&q=loc:51.4787817+-0.2165996,,,
4787.2166,,Tilia x europaea,Common lime,Lime,Linden,51.47875,-0.2166693,,,,,,Native,10,,,,,,,,http://maps.google.com/maps?z=12&t=k&q=loc:51.47875+-0.2166693,,,
4787.2167,,Tilia x europaea,Common lime,Lime,Linden,51.4787107,-0.2167753,,,,,,Native,9A,,,,,,,,http://maps.google.com/maps?z=12&t=k&q=loc:51.4787107+-0.2167753,,,
4786.2168,,Tilia x europaea,Common lime,Lime,Linden,51.4786773,-0.2168463,,,,,,Native,9A,,,,,,,,http://maps.google.com/maps?z=12&t=k&q=loc:51.4786773+-0.2168463,,,
4785.2170,,Tilia x europaea,Common lime,Lime,Linden,51.4785875,-0.217056,,,,,,Native,9A,,,,,,,,http://maps.google.com/maps?z=12&t=k&q=loc:51.4785875+-0.217056,,,
4785.2171,,Tilia x europaea,Common lime,Lime,Linden,51.4785717,-0.2171204,,,,,,Native,9A,,,,,,,,http://maps.google.com/maps?z=12&t=k&q=loc:51.4785717+-0.2171204,,,
4785.2171,,Tilia x europaea,Common lime,Lime,Linden,51.4785729,-0.2171673,,,,,,Native,9A,,,,,,,,http://maps.google.com/maps?z=12&t=k&q=loc:51.4785729+-0.2171673,,,
4786.2171,,Tilia x europaea,Common lime,Lime,Linden,51.4786139,-0.2171767,,,,,,Native,9A,,,,,,,,http://maps.google.com/maps?z=12&t=k&q=loc:51.4786139+-0.2171767,,,
4786.2171,,Tilia x europaea,Common lime,Lime,Linden,51.4786577,-0.2171988,,,,,,Native,9A,,,,,,,,http://maps.google.com/maps?z=12&t=k&q=loc:51.4786577+-0.2171988,,,
4786.2172,,Tilia x europaea,Common lime,Lime,Linden,51.4786986,-0.2172049,,,,,,Native,9A,,,,,,,,http://maps.google.com/maps?z=12&t=k&q=loc:51.4786986+-0.2172049,,,
4787.2172,,Tilia x europaea,Common lime,Lime,Linden,51.4787366,-0.217219,,,,,,Native,9A,,,,,,,,http://maps.google.com/maps?z=12&t=k&q=loc:51.4787366+-0.217219,,,
4787.2172,,Tilia x europaea,Common lime,Lime,Linden,51.4787792,-0.2172324,,,,,,Native,9A,,,,,,,,http://maps.google.com/maps?z=12&t=k&q=loc:51.4787792+-0.2172324,,,
4788.2172,,Tilia x europaea,Common lime,Lime,Linden,51.4788534,-0.2172651,,,,,,Native,9A,,,,,,,,http://maps.google.com/maps?z=12&t=k&q=loc:51.4788534+-0.2172651,,,
4789.2172,,Tilia x europaea,Common lime,Lime,Linden,51.4789039,-0.2172818,,,,,,Native,9A,,,,,,,,http://maps.google.com/maps?z=12&t=k&q=loc:51.4789039+-0.2172818,,,
4789.2172,,Tilia x europaea,Common lime,Lime,Linden,51.4789399,-0.2172952,,,,,,Native,9A,,,,,,,,http://maps.google.com/maps?z=12&t=k&q=loc:51.4789399+-0.2172952,,,
4789.2173,,Tilia x europaea,Common lime,Lime,Linden,51.4789762,-0.217302,,,,,,Native,9A,,,,,,,,http://maps.google.com/maps?z=12&t=k&q=loc:51.4789762+-0.217302,,,
4790.2173,,Tilia x europaea,Common lime,Lime,Linden,51.4790175,-0.2173167,,,,,,Native,9A,,,,,,,,http://maps.google.com/maps?z=12&t=k&q=loc:51.4790175+-0.2173167,,,
4790.2173,,Tilia x europaea,Common lime,Lime,Linden,51.4790596,-0.2173301,,,,,,Native,9A,,,,,,,,http://maps.google.com/maps?z=12&t=k&q=loc:51.4790596+-0.2173301,,,
4790.2173,,Tilia x europaea,Common lime,Lime,Linden,51.4790981,-0.2173422,,,,,,Native,9A,,,,,,,,http://maps.google.com/maps?z=12&t=k&q=loc:51.4790981+-0.2173422,,,
4791.2173,,Tilia x europaea,Common lime,Lime,Linden,51.479139,-0.2173583,,,,,,Native,9A,,,,,,,,http://maps.google.com/maps?z=12&t=k&q=loc:51.479139+-0.2173583,,,
4791.2173,,Tilia x europaea,Common lime,Lime,Linden,51.4791833,-0.2173663,,,,,,Native,9A,,,,,,,,http://maps.google.com/maps?z=12&t=k&q=loc:51.4791833+-0.2173663,,,
4792.2173,,Tilia x europaea,Common lime,Lime,Linden,51.4792229,-0.2173744,,,,,,Native,9A,,,,,,,,http://maps.google.com/maps?z=12&t=k&q=loc:51.4792229+-0.2173744,,,
4792.2173,,Tilia x europaea,Common lime,Lime,Linden,51.4792618,-0.2173858,,,,,,Native,9A,,,,,,,,http://maps.google.com/maps?z=12&t=k&q=loc:51.4792618+-0.2173858,,,
4792.2173,,Tilia x europaea,Common lime,Lime,Linden,51.4792981,-0.2173945,,,,,,Native,9A,,,,,,,,http://maps.google.com/maps?z=12&t=k&q=loc:51.4792981+-0.2173945,,,
4793.2174,,Tilia x europaea,Common lime,Lime,Linden,51.4793424,-0.2174005,,,,,,Native,9A,,,,,,,,http://maps.google.com/maps?z=12&t=k&q=loc:51.4793424+-0.2174005,,,
4793.2174,,Tilia x europaea,Common lime,Lime,Linden,51.4793883,-0.2174166,,,,,,Native,9A,,,,,,,,http://maps.google.com/maps?z=12&t=k&q=loc:51.4793883+-0.2174166,,,
4794.2174,,Tilia x europaea,Common lime,Lime,Linden,51.4794267,-0.2174287,,,,,,Native,9A,,,,,,,,http://maps.google.com/maps?z=12&t=k&q=loc:51.4794267+-0.2174287,,,
4794.2174,,Tilia x europaea,Common lime,Lime,Linden,51.4794631,-0.2174347,,,,,,Native,9A,,,,,,,,http://maps.google.com/maps?z=12&t=k&q=loc:51.4794631+-0.2174347,,,
4794.2174,,Tilia x europaea,Common lime,Lime,Linden,51.4794998,-0.2174454,,,,,,Native,9A,,,,,,,,http://maps.google.com/maps?z=12&t=k&q=loc:51.4794998+-0.2174454,,,
4795.2174,,Tilia x europaea,Common lime,Lime,Linden,51.4795378,-0.2174522,,,,,,Native,9A,,,,,,,,http://maps.google.com/maps?z=12&t=k&q=loc:51.4795378+-0.2174522,,,
4795.2174,,Tilia x europaea,Common lime,Lime,Linden,51.4795758,-0.2174649,,,,,,Native,9A,,,,,,,,http://maps.google.com/maps?z=12&t=k&q=loc:51.4795758+-0.2174649,,,
4796.2174,,Tilia x europaea,Common lime,Lime,Linden,51.4796192,-0.217483,,,,,,Native,9A,,,,,,,,http://maps.google.com/maps?z=12&t=k&q=loc:51.4796192+-0.217483,,,
4796.2174,,Tilia x europaea,Common lime,Lime,Linden,51.4796593,-0.2174877,,,,,,Native,9A,,,,,,,,http://maps.google.com/maps?z=12&t=k&q=loc:51.4796593+-0.2174877,,,
4797.2174,,Tilia x europaea,Common lime,Lime,Linden,51.4797024,-0.2174978,,,,,,Native,9A,,,,,,,,http://maps.google.com/maps?z=12&t=k&q=loc:51.4797024+-0.2174978,,,
4797.2175,,Tilia x europaea,Common lime,Lime,Linden,51.4797424,-0.2175065,,,,,,Native,9A,,,,,,,,http://maps.google.com/maps?z=12&t=k&q=loc:51.4797424+-0.2175065,,,
4797.2175,,Tilia x europaea,Common lime,Lime,Linden,51.4797784,-0.2175206,,,,,,Native,9A,,,,,,,,http://maps.google.com/maps?z=12&t=k&q=loc:51.4797784+-0.2175206,,,
4798.2175,,Tilia x europaea,Common lime,Lime,Linden,51.4798155,-0.2175252,,,,,,Native,9A,,,,,,,,http://maps.google.com/maps?z=12&t=k&q=loc:51.4798155+-0.2175252,,,
4798.2175,,Tilia x europaea,Common lime,Lime,Linden,51.4798573,-0.2175353,,,,,,Native,9A,,,,,,,,http://maps.google.com/maps?z=12&t=k&q=loc:51.4798573+-0.2175353,,,
4799.2175,,Tilia x europaea,Common lime,Lime,Linden,51.4799003,-0.2175534,,,,,,Native,9A,,,,,,,,http://maps.google.com/maps?z=12&t=k&q=loc:51.4799003+-0.2175534,,,
4799.2175,,Tilia x europaea,Common lime,Lime,Linden,51.4799462,-0.2175608,,,,,,Native,9A,,,,,,,,http://maps.google.com/maps?z=12&t=k&q=loc:51.4799462+-0.2175608,,,
4800.2175,,Tilia x europaea,Common lime,Lime,Linden,51.480003,-0.2175688,,,,,,Native,9A,,,,,,,,http://maps.google.com/maps?z=12&t=k&q=loc:51.480003+-0.2175688,,,
4800.2175,,Tilia x europaea,Common lime,Lime,Linden,51.4800594,-0.2175809,,,,,,Native,9,,,,,,,,http://maps.google.com/maps?z=12&t=k&q=loc:51.4800594+-0.2175809,,,
4801.2175,,Tilia x europaea,Common lime,Lime,Linden,51.4801137,-0.2175923,,,,,,Native,9,,,,,,,,http://maps.google.com/maps?z=12&t=k&q=loc:51.4801137+-0.2175923,,,
4801.2176,,Tilia x europaea,Common lime,Lime,Linden,51.4801705,-0.217603,,,,,,Native,9,,,,,,,,http://maps.google.com/maps?z=12&t=k&q=loc:51.4801705+-0.217603,,,
4802.2176,,Tilia x europaea,Common lime,Lime,Linden,51.4802315,-0.2176097,,,,,,Native,9,,,,,,,,http://maps.google.com/maps?z=12&t=k&q=loc:51.4802315+-0.2176097,,,
4802.2176,,Tilia x europaea,Common lime,Lime,Linden,51.4802729,-0.2176241,,,,,,Native,9,,,,,,,,http://maps.google.com/maps?z=12&t=k&q=loc:51.4802729+-0.2176241,,,
4803.2176,,Tilia x europaea,Common lime,Lime,Linden,51.480316,-0.2176254,,,,,,Native,9,,,,,,,,http://maps.google.com/maps?z=12&t=k&q=loc:51.480316+-0.2176254,,,
4804.2176,,Tilia x europaea,Common lime,Lime,Linden,51.4804646,-0.2176657,,,,,,Native,9,,,,,,,,http://maps.google.com/maps?z=12&t=k&q=loc:51.4804646+-0.2176657,,,
4804.2176,,Tilia x europaea,Common lime,Lime,Linden,51.4804978,-0.2176241,,,,,,Native,9,,,,,,,,http://maps.google.com/maps?z=12&t=k&q=loc:51.4804978+-0.2176241,,,
4805.2175,,Tilia x europaea,Common lime,Lime,Linden,51.4805663,-0.2175712,,,,,,Native,4,,,,,,,,http://maps.google.com/maps?z=12&t=k&q=loc:51.4805663+-0.2175712,,,
4804.2176,,Tilia x europaea,Common lime,Lime,Linden,51.4804055,-0.2176543,,,,,,Native,9,,,,,,,,http://maps.google.com/maps?z=12&t=k&q=loc:51.4804055+-0.2176543,,,
4806.2176,,Tilia x europaea,Common lime,Lime,Linden,51.480646,-0.2176125,,,,,,Native,5,,,,,,,,http://maps.google.com/maps?z=12&t=k&q=loc:51.480646+-0.2176125,,,
4806.2176,,Tilia x europaea,Common lime,Lime,Linden,51.4806853,-0.2176628,,,,,,Native,5,,,,,,,,http://maps.google.com/maps?z=12&t=k&q=loc:51.4806853+-0.2176628,,,
4807.2177,,Tilia x europaea,Common lime,Lime,Linden,51.4807074,-0.2177138,,,,,,Native,5,,,,,,,,http://maps.google.com/maps?z=12&t=k&q=loc:51.4807074+-0.2177138,,,
4805.2176,,Tilia x europaea,Common lime,Lime,Linden,51.4805442,-0.2176046,,,,,,Native,9,,,,,,,,http://maps.google.com/maps?z=12&t=k&q=loc:51.4805442+-0.2176046,,,
4807.2177,,Tilia x europaea,Common lime,Lime,Linden,51.4807738,-0.217728,,,,,,Native,5,,,,,,,,http://maps.google.com/maps?z=12&t=k&q=loc:51.4807738+-0.217728,,,
4808.2177,,Tilia x europaea,Common lime,Lime,Linden,51.4808298,-0.2177341,,,,,,Native,5,,,,,,,,http://maps.google.com/maps?z=12&t=k&q=loc:51.4808298+-0.2177341,,,
4808.2177,,Tilia x europaea,Common lime,Lime,Linden,51.4808774,-0.2177401,,,,,,Native,5,,,,,,,,http://maps.google.com/maps?z=12&t=k&q=loc:51.4808774+-0.2177401,,,
4809.2177,,Tilia x europaea,Common lime,Lime,Linden,51.480925,-0.2177535,,,,,,Native,5,,,,,,,,http://maps.google.com/maps?z=12&t=k&q=loc:51.480925+-0.2177535,,,
4809.2177,,Tilia x europaea,Common lime,Lime,Linden,51.4809897,-0.2177629,,,,,,Native,5,,,,,,,,http://maps.google.com/maps?z=12&t=k&q=loc:51.4809897+-0.2177629,,,
4810.2177,,Tilia x europaea,Common lime,Lime,Linden,51.4810403,-0.2177837,,,,,,Native,"5, 5A",,,,,,,,http://maps.google.com/maps?z=12&t=k&q=loc:51.4810403+-0.2177837,,,
4810.2177,,Tilia x europaea,Common lime,Lime,Linden,51.4810804,-0.2177978,,,,,,Native,"5, 5A",,,,,,,,http://maps.google.com/maps?z=12&t=k&q=loc:51.4810804+-0.2177978,,,
4811.2178,,Tilia x europaea,Common lime,Lime,Linden,51.4811305,-0.2178212,,,,,,Native,"5, 5A",,,,,,,,http://maps.google.com/maps?z=12&t=k&q=loc:51.4811305+-0.2178212,,,
4811.2178,,Tilia x europaea,Common lime,Lime,Linden,51.4811756,-0.2178434,,,,,,Native,5,,,,,,,,http://maps.google.com/maps?z=12&t=k&q=loc:51.4811756+-0.2178434,,,
4812.2178,,Tilia x europaea,Common lime,Lime,Linden,51.4812221,-0.2178671,,,,,,Native,5,,,,,,,,http://maps.google.com/maps?z=12&t=k&q=loc:51.4812221+-0.2178671,,,
4812.2178,,Tilia x europaea,Common lime,Lime,Linden,51.4812638,-0.2178892,,,,,,Native,5,,,,,,,,http://maps.google.com/maps?z=12&t=k&q=loc:51.4812638+-0.2178892,,,
4813.2179,,Tilia x europaea,Common lime,Lime,Linden,51.4813181,-0.217914,,,,,,Native,5,,,,,,,,http://maps.google.com/maps?z=12&t=k&q=loc:51.4813181+-0.217914,,,
4813.2179,,Tilia x europaea,Common lime,Lime,Linden,51.4813678,-0.2179348,,,,,,Native,5,,,,,,,,http://maps.google.com/maps?z=12&t=k&q=loc:51.4813678+-0.2179348,,,
4799.2165,,Tilia x europaea,Common lime,Lime,Linden,51.4799367,-0.2165732,,,,,,Native,7B,,,,,,,,http://maps.google.com/maps?z=12&t=k&q=loc:51.4799367+-0.2165732,,,
4807.2172,,Viburnum plicatum,Japanese snowball bushes,Viburnum,,51.480704,-0.2172402,,,,,,,4,,,,,,,,http://maps.google.com/maps?z=12&t=k&q=loc:51.480704+-0.2172402,,,
4804.2171,,x Hesperotropsis leylandii,Leyland cypress,Cypress,,51.4804834,-0.2171925,,,,,,,8,,,,,,,,http://maps.google.com/maps?z=12&t=k&q=loc:51.4804834+-0.2171925,,,
4804.2171,,x Hesperotropsis leylandii,Leyland cypress,Cypress,,51.4804851,-0.217104,,,,,,,8,,,,,,,,http://maps.google.com/maps?z=12&t=k&q=loc:51.4804851+-0.217104,,,
4799.2152,,x Hesperotropsis leylandii,Leyland cypress,Cypress,,51.4799952,-0.2152256,Leylandii,,,,,,13,,,,,,,,http://maps.google.com/maps?z=12&t=k&q=loc:51.4799952+-0.2152256,,,
4795.2151,,x Hesperotropsis leylandii,Leyland cypress,Cypress,,51.4795199,-0.2151413,,,,,,,13,,,,,,,,http://maps.google.com/maps?z=12&t=k&q=loc:51.4795199+-0.2151413,,,
4814.2171,zelkova-1,Zelkova serrata,Japanese elm,Zelkova,Keyaki,51.481453,-0.2171255,"With plaque ""In memory of Spider Baker""",,1985,,,"Highlight, Tree Register",4,,,,Yes,Instagram,Done,,http://maps.google.com/maps?z=12&t=k&q=loc:51.481453+-0.2171255,https://mymaps.usercontent.google.com/hostedimage/m/*/3AL_Y2X6V4WELvmXrc2OKsCjy3jsRTK-a5Bnw0xyvtwP84OIN_LYv-q5zYEygudfxOEYsK3fCJCA6EUg5vDkS3G9wPFvpaoQPSF-0ULbaSAX0udNrXuNMPzq2gQoR36_obLz2tztdOCIci-8CaWFP7A3CGYmwRZZVMabHMZHrJyxthJyvzVq_iHMneDgFXLsDBtM17k_J5MYN2cj0euiJaorAAYvb2ZpCAlQ3ewiVb4UYuljd9K_uWLhE0Eb6qHY?authuser=0&fife=s16383,,
4810.2161,,Zelkova serrata,Japanese elm,Zelkova,Keyaki,51.4810764,-0.2161052,,,1985,41,,"Highlight, Tree Register","2, 2B",,,,Yes,Instagram,Done,,http://maps.google.com/maps?z=12&t=k&q=loc:51.4810764+-0.2161052,https://photos.google.com/share/AF1QipOSzoEvCUsDlqUn1c3Fh1H5zWfNqjPGSVLRh4KNn9Y-rbeTTtCqcZL3jPcCU5Wglw/photo/AF1QipN3LgMlxo3aJ4-oSoL0x7_ronkkJQQHkd2kbSjq?key=Y2Y3NzBtRUVNS3FxZVpGSFFpY2FUbmdPektNOWNB,zelkova-1.fulhamcemeteryfriends.org.uk,https://en.wikipedia.org/wiki/Zelkova_serrata
